[{"path":"src/main/resources/view/InfoPanel.fxml","fileType":"fxml","lines":[{"lineNumber":1,"author":{"gitId":"-"},"content":"\u003c?xml version\u003d\"1.0\" encoding\u003d\"UTF-8\"?\u003e","isFullCredit":false},{"lineNumber":2,"author":{"gitId":"-"},"content":"","isFullCredit":false},{"lineNumber":3,"author":{"gitId":"-"},"content":"\u003c!-- @@author zacharytang --\u003e","isFullCredit":false},{"lineNumber":4,"author":{"gitId":"nbriannl"},"content":"\u003c?import javafx.scene.layout.StackPane?\u003e","isFullCredit":false},{"lineNumber":5,"author":{"gitId":"-"},"content":"\u003cStackPane prefHeight\u003d\"700.0\" prefWidth\u003d\"800.0\" xmlns\u003d\"http://javafx.com/javafx/8\" xmlns:fx\u003d\"http://javafx.com/fxml/1\"\u003e","isFullCredit":false},{"lineNumber":6,"author":{"gitId":"-"},"content":"    \u003cStackPane fx:id\u003d\"browserPlaceholder\" prefHeight\u003d\"150.0\" prefWidth\u003d\"200.0\" /\u003e","isFullCredit":false},{"lineNumber":7,"author":{"gitId":"-"},"content":"    \u003cStackPane fx:id\u003d\"timetablePlaceholder\" prefHeight\u003d\"150.0\" prefWidth\u003d\"200.0\" /\u003e","isFullCredit":false},{"lineNumber":8,"author":{"gitId":"-"},"content":"\u003c/StackPane\u003e","isFullCredit":false}],"authorContributionMap":{"nbriannl":1,"-":7}},{"path":"src/main/resources/view/MainWindow.fxml","fileType":"fxml","lines":[{"lineNumber":1,"author":{"gitId":"-"},"content":"\u003c?xml version\u003d\"1.0\" encoding\u003d\"UTF-8\"?\u003e","isFullCredit":false},{"lineNumber":2,"author":{"gitId":"-"},"content":"","isFullCredit":false},{"lineNumber":3,"author":{"gitId":"April0616"},"content":"\u003c!-- @@author April0616 --\u003e","isFullCredit":false},{"lineNumber":4,"author":{"gitId":"April0616"},"content":"","isFullCredit":false},{"lineNumber":5,"author":{"gitId":"April0616"},"content":"\u003c?import java.net.URL?\u003e","isFullCredit":false},{"lineNumber":6,"author":{"gitId":"April0616"},"content":"\u003c?import javafx.geometry.Insets?\u003e","isFullCredit":false},{"lineNumber":7,"author":{"gitId":"April0616"},"content":"\u003c?import javafx.scene.control.Menu?\u003e","isFullCredit":false},{"lineNumber":8,"author":{"gitId":"April0616"},"content":"\u003c?import javafx.scene.control.MenuBar?\u003e","isFullCredit":false},{"lineNumber":9,"author":{"gitId":"April0616"},"content":"\u003c?import javafx.scene.control.MenuItem?\u003e","isFullCredit":false},{"lineNumber":10,"author":{"gitId":"April0616"},"content":"\u003c?import javafx.scene.control.SplitPane?\u003e","isFullCredit":false},{"lineNumber":11,"author":{"gitId":"April0616"},"content":"\u003c?import javafx.scene.layout.AnchorPane?\u003e","isFullCredit":false},{"lineNumber":12,"author":{"gitId":"April0616"},"content":"\u003c?import javafx.scene.layout.HBox?\u003e","isFullCredit":false},{"lineNumber":13,"author":{"gitId":"April0616"},"content":"\u003c?import javafx.scene.layout.StackPane?\u003e","isFullCredit":false},{"lineNumber":14,"author":{"gitId":"April0616"},"content":"\u003c?import javafx.scene.layout.VBox?\u003e","isFullCredit":false},{"lineNumber":15,"author":{"gitId":"April0616"},"content":"\u003cVBox xmlns\u003d\"http://javafx.com/javafx/8.0.141\" xmlns:fx\u003d\"http://javafx.com/fxml/1\"\u003e","isFullCredit":false},{"lineNumber":16,"author":{"gitId":"April0616"},"content":"    \u003cstylesheets\u003e","isFullCredit":false},{"lineNumber":17,"author":{"gitId":"April0616"},"content":"        \u003cURL value\u003d\"@Extensions.css\" /\u003e","isFullCredit":false},{"lineNumber":18,"author":{"gitId":"April0616"},"content":"    \u003c/stylesheets\u003e","isFullCredit":false},{"lineNumber":19,"author":{"gitId":"April0616"},"content":"    \u003cMenuBar fx:id\u003d\"menuBar\" maxHeight\u003d\"22.0\" prefHeight\u003d\"22.0\" prefWidth\u003d\"2000.0\" VBox.vgrow\u003d\"NEVER\"\u003e","isFullCredit":false},{"lineNumber":20,"author":{"gitId":"April0616"},"content":"        \u003cMenu mnemonicParsing\u003d\"false\" text\u003d\"File\"\u003e","isFullCredit":false},{"lineNumber":21,"author":{"gitId":"April0616"},"content":"            \u003cMenuItem mnemonicParsing\u003d\"false\" onAction\u003d\"#handleExit\" text\u003d\"Exit\" /\u003e","isFullCredit":false},{"lineNumber":22,"author":{"gitId":"April0616"},"content":"        \u003c/Menu\u003e","isFullCredit":false},{"lineNumber":23,"author":{"gitId":"April0616"},"content":"        \u003cMenu mnemonicParsing\u003d\"false\" text\u003d\"Help\"\u003e","isFullCredit":false},{"lineNumber":24,"author":{"gitId":"April0616"},"content":"            \u003cMenuItem fx:id\u003d\"helpMenuItem\" mnemonicParsing\u003d\"false\" onAction\u003d\"#handleHelp\" text\u003d\"Help\" /\u003e","isFullCredit":false},{"lineNumber":25,"author":{"gitId":"April0616"},"content":"        \u003c/Menu\u003e","isFullCredit":false},{"lineNumber":26,"author":{"gitId":"April0616"},"content":"    \u003c/MenuBar\u003e","isFullCredit":false},{"lineNumber":27,"author":{"gitId":"April0616"},"content":"    \u003cHBox\u003e","isFullCredit":false},{"lineNumber":28,"author":{"gitId":"April0616"},"content":"        \u003cVBox fx:id\u003d\"personList\"\u003e","isFullCredit":false},{"lineNumber":29,"author":{"gitId":"April0616"},"content":"            \u003cStackPane fx:id\u003d\"personListPanelPlaceholder\" minWidth\u003d\"255.0\" VBox.vgrow\u003d\"ALWAYS\" /\u003e","isFullCredit":false},{"lineNumber":30,"author":{"gitId":"April0616"},"content":"        \u003c/VBox\u003e","isFullCredit":false},{"lineNumber":31,"author":{"gitId":"April0616"},"content":"        \u003cAnchorPane\u003e","isFullCredit":false},{"lineNumber":32,"author":{"gitId":"April0616"},"content":"","isFullCredit":false},{"lineNumber":33,"author":{"gitId":"April0616"},"content":"            \u003cSplitPane dividerPositions\u003d\"0.26582278481012656\" orientation\u003d\"VERTICAL\" prefWidth\u003d\"2000.0\" AnchorPane.bottomAnchor\u003d\"0.0\" AnchorPane.leftAnchor\u003d\"0.0\" AnchorPane.rightAnchor\u003d\"0.0\" AnchorPane.topAnchor\u003d\"0.0\"\u003e","isFullCredit":false},{"lineNumber":34,"author":{"gitId":"April0616"},"content":"","isFullCredit":false},{"lineNumber":35,"author":{"gitId":"April0616"},"content":"                \u003cSplitPane id\u003d\"splitPane\" fx:id\u003d\"splitPane\" dividerPositions\u003d\"0.4269269269269269\" maxHeight\u003d\"628.0\" minHeight\u003d\"230.0\" prefHeight\u003d\"600.0\" prefWidth\u003d\"1990.0\"\u003e","isFullCredit":false},{"lineNumber":36,"author":{"gitId":"April0616"},"content":"                    \u003cVBox maxWidth\u003d\"1000.0\" minHeight\u003d\"81.0\" minWidth\u003d\"430.0\" prefHeight\u003d\"81.0\" prefWidth\u003d\"843.0\" SplitPane.resizableWithParent\u003d\"true\"\u003e","isFullCredit":false},{"lineNumber":37,"author":{"gitId":"April0616"},"content":"                        \u003cpadding\u003e","isFullCredit":false},{"lineNumber":38,"author":{"gitId":"April0616"},"content":"                            \u003cInsets bottom\u003d\"10\" left\u003d\"10\" right\u003d\"10\" top\u003d\"10\" /\u003e","isFullCredit":false},{"lineNumber":39,"author":{"gitId":"April0616"},"content":"                        \u003c/padding\u003e","isFullCredit":false},{"lineNumber":40,"author":{"gitId":"April0616"},"content":"","isFullCredit":false},{"lineNumber":41,"author":{"gitId":"nbriannl"},"content":"                        \u003c!-- @@author nbriannl --\u003e","isFullCredit":false},{"lineNumber":42,"author":{"gitId":"nbriannl"},"content":"                        \u003cStackPane fx:id\u003d\"tagListPanelPlaceholder\" alignment\u003d\"TOP_CENTER\" styleClass\u003d\"pane-with-border\"\u003e","isFullCredit":false},{"lineNumber":43,"author":{"gitId":"nbriannl"},"content":"                     \u003cpadding\u003e","isFullCredit":false},{"lineNumber":44,"author":{"gitId":"nbriannl"},"content":"                        \u003cInsets bottom\u003d\"10.0\" left\u003d\"10.0\" right\u003d\"10.0\" /\u003e","isFullCredit":false},{"lineNumber":45,"author":{"gitId":"nbriannl"},"content":"                     \u003c/padding\u003e","isFullCredit":false},{"lineNumber":46,"author":{"gitId":"nbriannl"},"content":"                        \u003c/StackPane\u003e","isFullCredit":false},{"lineNumber":47,"author":{"gitId":"nbriannl"},"content":"                        \u003cStackPane fx:id\u003d\"personInfoPlaceholder\" VBox.vgrow\u003d\"ALWAYS\" /\u003e","isFullCredit":false},{"lineNumber":48,"author":{"gitId":"nbriannl"},"content":"","isFullCredit":false},{"lineNumber":49,"author":{"gitId":"nbriannl"},"content":"                    \u003c/VBox\u003e","isFullCredit":false},{"lineNumber":50,"author":{"gitId":"April0616"},"content":"                        \u003c!-- @@author April0616 --\u003e","isFullCredit":false},{"lineNumber":51,"author":{"gitId":"April0616"},"content":"                    \u003cVBox minWidth\u003d\"200\" prefWidth\u003d\"323.0\"\u003e","isFullCredit":false},{"lineNumber":52,"author":{"gitId":"April0616"},"content":"","isFullCredit":false},{"lineNumber":53,"author":{"gitId":"April0616"},"content":"                        \u003cStackPane fx:id\u003d\"commandBoxPlaceholder\" minWidth\u003d\"100\" prefWidth\u003d\"305.0\" styleClass\u003d\"pane-with-border\"\u003e","isFullCredit":false},{"lineNumber":54,"author":{"gitId":"April0616"},"content":"                            \u003cpadding\u003e","isFullCredit":false},{"lineNumber":55,"author":{"gitId":"April0616"},"content":"                                \u003cInsets bottom\u003d\"5\" left\u003d\"10\" right\u003d\"10\" top\u003d\"5\" /\u003e","isFullCredit":false},{"lineNumber":56,"author":{"gitId":"April0616"},"content":"                            \u003c/padding\u003e","isFullCredit":false},{"lineNumber":57,"author":{"gitId":"April0616"},"content":"                        \u003c/StackPane\u003e","isFullCredit":false},{"lineNumber":58,"author":{"gitId":"April0616"},"content":"                        \u003cStackPane fx:id\u003d\"resultDisplayPlaceholder\" minWidth\u003d\"100\" prefWidth\u003d\"320.0\" styleClass\u003d\"pane-with-border\" VBox.vgrow\u003d\"ALWAYS\"\u003e","isFullCredit":false},{"lineNumber":59,"author":{"gitId":"April0616"},"content":"                            \u003cpadding\u003e","isFullCredit":false},{"lineNumber":60,"author":{"gitId":"April0616"},"content":"                                \u003cInsets bottom\u003d\"5\" left\u003d\"10\" right\u003d\"10\" top\u003d\"5\" /\u003e","isFullCredit":false},{"lineNumber":61,"author":{"gitId":"April0616"},"content":"                            \u003c/padding\u003e","isFullCredit":false},{"lineNumber":62,"author":{"gitId":"April0616"},"content":"                        \u003c/StackPane\u003e","isFullCredit":false},{"lineNumber":63,"author":{"gitId":"April0616"},"content":"                    \u003c/VBox\u003e","isFullCredit":false},{"lineNumber":64,"author":{"gitId":"April0616"},"content":"                \u003c/SplitPane\u003e","isFullCredit":false},{"lineNumber":65,"author":{"gitId":"-"},"content":"                \u003c!-- @@author zacharytang --\u003e","isFullCredit":false},{"lineNumber":66,"author":{"gitId":"-"},"content":"                \u003cStackPane fx:id\u003d\"infoPlaceholder\" styleClass\u003d\"pane-with-border\"\u003e","isFullCredit":false},{"lineNumber":67,"author":{"gitId":"-"},"content":"                    \u003cpadding\u003e","isFullCredit":false},{"lineNumber":68,"author":{"gitId":"nbriannl"},"content":"                        \u003cInsets bottom\u003d\"10\" left\u003d\"10\" right\u003d\"10\" top\u003d\"10\" /\u003e","isFullCredit":false},{"lineNumber":69,"author":{"gitId":"-"},"content":"                    \u003c/padding\u003e","isFullCredit":false},{"lineNumber":70,"author":{"gitId":"-"},"content":"                \u003c/StackPane\u003e","isFullCredit":false},{"lineNumber":71,"author":{"gitId":"-"},"content":"            \u003c/SplitPane\u003e","isFullCredit":false},{"lineNumber":72,"author":{"gitId":"-"},"content":"        \u003c/AnchorPane\u003e","isFullCredit":false},{"lineNumber":73,"author":{"gitId":"April0616"},"content":"    \u003c/HBox\u003e","isFullCredit":false},{"lineNumber":74,"author":{"gitId":"-"},"content":"    \u003cStackPane fx:id\u003d\"statusbarPlaceholder\" VBox.vgrow\u003d\"NEVER\" /\u003e","isFullCredit":false},{"lineNumber":75,"author":{"gitId":"-"},"content":"\u003c/VBox\u003e","isFullCredit":false}],"authorContributionMap":{"nbriannl":10,"April0616":54,"-":11}},{"path":"src/main/resources/view/PersonInfoPanel.fxml","fileType":"fxml","lines":[{"lineNumber":1,"author":{"gitId":"April0616"},"content":"\u003c?xml version\u003d\"1.0\" encoding\u003d\"UTF-8\"?\u003e","isFullCredit":false},{"lineNumber":2,"author":{"gitId":"April0616"},"content":"","isFullCredit":false},{"lineNumber":3,"author":{"gitId":"April0616"},"content":"\u003c!-- @@author April0616 --\u003e","isFullCredit":false},{"lineNumber":4,"author":{"gitId":"April0616"},"content":"","isFullCredit":false},{"lineNumber":5,"author":{"gitId":"April0616"},"content":"\u003c?import javafx.geometry.Insets?\u003e","isFullCredit":false},{"lineNumber":6,"author":{"gitId":"April0616"},"content":"\u003c?import javafx.scene.control.Label?\u003e","isFullCredit":false},{"lineNumber":7,"author":{"gitId":"April0616"},"content":"\u003c?import javafx.scene.image.Image?\u003e","isFullCredit":false},{"lineNumber":8,"author":{"gitId":"April0616"},"content":"\u003c?import javafx.scene.image.ImageView?\u003e","isFullCredit":false},{"lineNumber":9,"author":{"gitId":"April0616"},"content":"\u003c?import javafx.scene.layout.AnchorPane?\u003e","isFullCredit":false},{"lineNumber":10,"author":{"gitId":"April0616"},"content":"\u003c?import javafx.scene.layout.FlowPane?\u003e","isFullCredit":false},{"lineNumber":11,"author":{"gitId":"April0616"},"content":"\u003c?import javafx.scene.layout.HBox?\u003e","isFullCredit":false},{"lineNumber":12,"author":{"gitId":"April0616"},"content":"\u003c?import javafx.scene.layout.StackPane?\u003e","isFullCredit":false},{"lineNumber":13,"author":{"gitId":"April0616"},"content":"\u003c?import javafx.scene.layout.VBox?\u003e","isFullCredit":false},{"lineNumber":14,"author":{"gitId":"April0616"},"content":"\u003c?import javafx.scene.shape.Circle?\u003e","isFullCredit":false},{"lineNumber":15,"author":{"gitId":"April0616"},"content":"\u003c?import javafx.scene.text.Font?\u003e","isFullCredit":false},{"lineNumber":16,"author":{"gitId":"April0616"},"content":"\u003cAnchorPane styleClass\u003d\"person-info-panel\" xmlns\u003d\"http://javafx.com/javafx/8.0.141\" xmlns:fx\u003d\"http://javafx.com/fxml/1\"\u003e","isFullCredit":false},{"lineNumber":17,"author":{"gitId":"April0616"},"content":"","isFullCredit":false},{"lineNumber":18,"author":{"gitId":"April0616"},"content":"    \u003cHBox prefHeight\u003d\"250.0\" prefWidth\u003d\"448.0\" AnchorPane.bottomAnchor\u003d\"0.0\" AnchorPane.leftAnchor\u003d\"0.0\" AnchorPane.rightAnchor\u003d\"0.0\" AnchorPane.topAnchor\u003d\"0.0\"\u003e","isFullCredit":false},{"lineNumber":19,"author":{"gitId":"April0616"},"content":"        \u003cVBox prefHeight\u003d\"250.0\" prefWidth\u003d\"198.0\"\u003e","isFullCredit":false},{"lineNumber":20,"author":{"gitId":"April0616"},"content":"            \u003cAnchorPane prefHeight\u003d\"216.0\" prefWidth\u003d\"210.0\" VBox.vgrow\u003d\"ALWAYS\"\u003e","isFullCredit":false},{"lineNumber":21,"author":{"gitId":"April0616"},"content":"                \u003cImageView fitHeight\u003d\"210.0\" fitWidth\u003d\"221.0\" pickOnBounds\u003d\"true\" preserveRatio\u003d\"true\"\u003e","isFullCredit":false},{"lineNumber":22,"author":{"gitId":"April0616"},"content":"                    \u003cimage\u003e","isFullCredit":false},{"lineNumber":23,"author":{"gitId":"April0616"},"content":"                        \u003cImage url\u003d\"@../images/personInfoBg.jpg\" /\u003e","isFullCredit":false},{"lineNumber":24,"author":{"gitId":"April0616"},"content":"                    \u003c/image\u003e","isFullCredit":false},{"lineNumber":25,"author":{"gitId":"April0616"},"content":"                \u003c/ImageView\u003e","isFullCredit":false},{"lineNumber":26,"author":{"gitId":"April0616"},"content":"                \u003cCircle fx:id\u003d\"photoCircle\" fill\u003d\"WHITE\" layoutX\u003d\"111.0\" layoutY\u003d\"100.0\" radius\u003d\"86.0\" stroke\u003d\"floralwhite\" strokeType\u003d\"INSIDE\" strokeWidth\u003d\"10\" /\u003e","isFullCredit":false},{"lineNumber":27,"author":{"gitId":"April0616"},"content":"                \u003cVBox.margin\u003e","isFullCredit":false},{"lineNumber":28,"author":{"gitId":"April0616"},"content":"                    \u003cInsets /\u003e","isFullCredit":false},{"lineNumber":29,"author":{"gitId":"April0616"},"content":"                \u003c/VBox.margin\u003e","isFullCredit":false},{"lineNumber":30,"author":{"gitId":"April0616"},"content":"            \u003c/AnchorPane\u003e","isFullCredit":false},{"lineNumber":31,"author":{"gitId":"April0616"},"content":"        \u003c/VBox\u003e","isFullCredit":false},{"lineNumber":32,"author":{"gitId":"April0616"},"content":"        \u003cVBox alignment\u003d\"TOP_LEFT\" prefHeight\u003d\"250.0\" prefWidth\u003d\"574.0\" AnchorPane.bottomAnchor\u003d\"0.0\" AnchorPane.leftAnchor\u003d\"20.0\" AnchorPane.rightAnchor\u003d\"0.0\" AnchorPane.topAnchor\u003d\"0.0\" HBox.hgrow\u003d\"ALWAYS\"\u003e","isFullCredit":false},{"lineNumber":33,"author":{"gitId":"April0616"},"content":"            \u003cStackPane alignment\u003d\"TOP_LEFT\" prefHeight\u003d\"20.0\" prefWidth\u003d\"304.0\" VBox.vgrow\u003d\"NEVER\"\u003e","isFullCredit":false},{"lineNumber":34,"author":{"gitId":"April0616"},"content":"                \u003cLabel fx:id\u003d\"name\" minHeight\u003d\"-Infinity\" minWidth\u003d\"-Infinity\" prefHeight\u003d\"35.0\" prefWidth\u003d\"391.0\" styleClass\u003d\"display_big_label\" text\u003d\"\\$name\"\u003e","isFullCredit":false},{"lineNumber":35,"author":{"gitId":"April0616"},"content":"                    \u003cfont\u003e","isFullCredit":false},{"lineNumber":36,"author":{"gitId":"April0616"},"content":"                        \u003cFont size\u003d\"24.0\" /\u003e","isFullCredit":false},{"lineNumber":37,"author":{"gitId":"April0616"},"content":"                    \u003c/font\u003e","isFullCredit":false},{"lineNumber":38,"author":{"gitId":"April0616"},"content":"                \u003c/Label\u003e","isFullCredit":false},{"lineNumber":39,"author":{"gitId":"April0616"},"content":"                \u003cVBox.margin\u003e","isFullCredit":false},{"lineNumber":40,"author":{"gitId":"April0616"},"content":"                    \u003cInsets left\u003d\"15.0\" top\u003d\"20.0\" /\u003e","isFullCredit":false},{"lineNumber":41,"author":{"gitId":"April0616"},"content":"                \u003c/VBox.margin\u003e","isFullCredit":false},{"lineNumber":42,"author":{"gitId":"April0616"},"content":"            \u003c/StackPane\u003e","isFullCredit":false},{"lineNumber":43,"author":{"gitId":"April0616"},"content":"            \u003cFlowPane fx:id\u003d\"tags\" columnHalignment\u003d\"CENTER\"\u003e","isFullCredit":false},{"lineNumber":44,"author":{"gitId":"April0616"},"content":"                \u003cVBox.margin\u003e","isFullCredit":false},{"lineNumber":45,"author":{"gitId":"April0616"},"content":"                    \u003cInsets bottom\u003d\"5.0\" left\u003d\"15.0\" right\u003d\"10.0\" /\u003e","isFullCredit":false},{"lineNumber":46,"author":{"gitId":"April0616"},"content":"                \u003c/VBox.margin\u003e","isFullCredit":false},{"lineNumber":47,"author":{"gitId":"April0616"},"content":"            \u003c/FlowPane\u003e","isFullCredit":false},{"lineNumber":48,"author":{"gitId":"April0616"},"content":"            \u003cHBox prefHeight\u003d\"100.0\" prefWidth\u003d\"200.0\" VBox.vgrow\u003d\"ALWAYS\"\u003e","isFullCredit":false},{"lineNumber":49,"author":{"gitId":"April0616"},"content":"                \u003cVBox prefHeight\u003d\"160.0\" prefWidth\u003d\"9.0\" HBox.hgrow\u003d\"NEVER\"\u003e","isFullCredit":false},{"lineNumber":50,"author":{"gitId":"April0616"},"content":"                    \u003cLabel minHeight\u003d\"-Infinity\" minWidth\u003d\"-Infinity\" prefHeight\u003d\"20.0\" prefWidth\u003d\"80.0\" styleClass\u003d\"display_small_label\" text\u003d\"Gender\" /\u003e","isFullCredit":false},{"lineNumber":51,"author":{"gitId":"April0616"},"content":"                    \u003cLabel minHeight\u003d\"-Infinity\" minWidth\u003d\"-Infinity\" prefHeight\u003d\"20.0\" prefWidth\u003d\"80.0\" styleClass\u003d\"display_small_label\" text\u003d\"Matric No\" /\u003e","isFullCredit":false},{"lineNumber":52,"author":{"gitId":"April0616"},"content":"                    \u003cLabel minHeight\u003d\"-Infinity\" minWidth\u003d\"-Infinity\" prefHeight\u003d\"20.0\" prefWidth\u003d\"80.0\" styleClass\u003d\"display_small_label\" text\u003d\"Phone\" /\u003e","isFullCredit":false},{"lineNumber":53,"author":{"gitId":"April0616"},"content":"                    \u003cLabel minHeight\u003d\"-Infinity\" minWidth\u003d\"-Infinity\" prefHeight\u003d\"20.0\" prefWidth\u003d\"80.0\" styleClass\u003d\"display_small_label\" text\u003d\"Email\" /\u003e","isFullCredit":false},{"lineNumber":54,"author":{"gitId":"April0616"},"content":"                    \u003cLabel minHeight\u003d\"-Infinity\" minWidth\u003d\"-Infinity\" prefHeight\u003d\"20.0\" prefWidth\u003d\"80.0\" styleClass\u003d\"display_small_label\" text\u003d\"Birthday\" /\u003e","isFullCredit":false},{"lineNumber":55,"author":{"gitId":"April0616"},"content":"                    \u003cLabel minHeight\u003d\"-Infinity\" minWidth\u003d\"-Infinity\" prefHeight\u003d\"54.0\" prefWidth\u003d\"80.0\" styleClass\u003d\"display_small_label\" text\u003d\"Address\" /\u003e","isFullCredit":false},{"lineNumber":56,"author":{"gitId":"April0616"},"content":"                    \u003cLabel minHeight\u003d\"-Infinity\" minWidth\u003d\"-Infinity\" prefHeight\u003d\"20.0\" prefWidth\u003d\"80.0\" styleClass\u003d\"display_small_label\" text\u003d\"Remark\" /\u003e","isFullCredit":false},{"lineNumber":57,"author":{"gitId":"April0616"},"content":"                \u003c/VBox\u003e","isFullCredit":false},{"lineNumber":58,"author":{"gitId":"April0616"},"content":"                \u003cVBox prefHeight\u003d\"200.0\" prefWidth\u003d\"100.0\" HBox.hgrow\u003d\"ALWAYS\"\u003e","isFullCredit":false},{"lineNumber":59,"author":{"gitId":"April0616"},"content":"                    \u003cLabel fx:id\u003d\"gender\" minHeight\u003d\"-Infinity\" minWidth\u003d\"-Infinity\" prefHeight\u003d\"20.0\" prefWidth\u003d\"326.0\" styleClass\u003d\"display_small_value\" text\u003d\"\\$gender\" VBox.vgrow\u003d\"ALWAYS\" /\u003e","isFullCredit":false},{"lineNumber":60,"author":{"gitId":"April0616"},"content":"                    \u003cLabel fx:id\u003d\"matricNo\" minHeight\u003d\"-Infinity\" minWidth\u003d\"-Infinity\" prefHeight\u003d\"20.0\" prefWidth\u003d\"326.0\" styleClass\u003d\"display_small_value\" text\u003d\"\\$matricNo\" /\u003e","isFullCredit":false},{"lineNumber":61,"author":{"gitId":"April0616"},"content":"                    \u003cLabel fx:id\u003d\"phone\" minHeight\u003d\"-Infinity\" minWidth\u003d\"-Infinity\" prefHeight\u003d\"20.0\" prefWidth\u003d\"326.0\" styleClass\u003d\"display_small_value\" text\u003d\"\\$phone\" /\u003e","isFullCredit":false},{"lineNumber":62,"author":{"gitId":"April0616"},"content":"                    \u003cLabel fx:id\u003d\"email\" minHeight\u003d\"-Infinity\" minWidth\u003d\"-Infinity\" prefHeight\u003d\"20.0\" prefWidth\u003d\"326.0\" styleClass\u003d\"display_small_value\" text\u003d\"\\$email\" /\u003e","isFullCredit":false},{"lineNumber":63,"author":{"gitId":"April0616"},"content":"                    \u003cLabel fx:id\u003d\"birthday\" minHeight\u003d\"-Infinity\" minWidth\u003d\"-Infinity\" prefHeight\u003d\"20.0\" prefWidth\u003d\"326.0\" styleClass\u003d\"display_small_value\" text\u003d\"\\$birthday\" /\u003e","isFullCredit":false},{"lineNumber":64,"author":{"gitId":"April0616"},"content":"                    \u003cLabel fx:id\u003d\"address\" minHeight\u003d\"-Infinity\" minWidth\u003d\"-Infinity\" prefHeight\u003d\"54.0\" prefWidth\u003d\"326.0\" styleClass\u003d\"display_small_value\" text\u003d\"\\$address\" wrapText\u003d\"true\"\u003e","isFullCredit":false},{"lineNumber":65,"author":{"gitId":"April0616"},"content":"                    \u003cVBox.margin\u003e","isFullCredit":false},{"lineNumber":66,"author":{"gitId":"April0616"},"content":"                        \u003cInsets /\u003e","isFullCredit":false},{"lineNumber":67,"author":{"gitId":"April0616"},"content":"                    \u003c/VBox.margin\u003e\u003c/Label\u003e","isFullCredit":false},{"lineNumber":68,"author":{"gitId":"April0616"},"content":"                    \u003cLabel fx:id\u003d\"remark\" styleClass\u003d\"display_small_value\" text\u003d\"\\$remark\" wrapText\u003d\"true\"\u003e","isFullCredit":false},{"lineNumber":69,"author":{"gitId":"April0616"},"content":"                    \u003cVBox.margin\u003e","isFullCredit":false},{"lineNumber":70,"author":{"gitId":"April0616"},"content":"                        \u003cInsets /\u003e","isFullCredit":false},{"lineNumber":71,"author":{"gitId":"April0616"},"content":"                    \u003c/VBox.margin\u003e\u003c/Label\u003e","isFullCredit":false},{"lineNumber":72,"author":{"gitId":"April0616"},"content":"                \u003c/VBox\u003e","isFullCredit":false},{"lineNumber":73,"author":{"gitId":"April0616"},"content":"                \u003cVBox.margin\u003e","isFullCredit":false},{"lineNumber":74,"author":{"gitId":"April0616"},"content":"                    \u003cInsets bottom\u003d\"10.0\" left\u003d\"15.0\" /\u003e","isFullCredit":false},{"lineNumber":75,"author":{"gitId":"April0616"},"content":"                \u003c/VBox.margin\u003e","isFullCredit":false},{"lineNumber":76,"author":{"gitId":"April0616"},"content":"            \u003c/HBox\u003e","isFullCredit":false},{"lineNumber":77,"author":{"gitId":"April0616"},"content":"            \u003cHBox.margin\u003e","isFullCredit":false},{"lineNumber":78,"author":{"gitId":"April0616"},"content":"                \u003cInsets /\u003e","isFullCredit":false},{"lineNumber":79,"author":{"gitId":"April0616"},"content":"            \u003c/HBox.margin\u003e","isFullCredit":false},{"lineNumber":80,"author":{"gitId":"April0616"},"content":"        \u003c/VBox\u003e","isFullCredit":false},{"lineNumber":81,"author":{"gitId":"April0616"},"content":"    \u003c/HBox\u003e","isFullCredit":false},{"lineNumber":82,"author":{"gitId":"April0616"},"content":"\u003c/AnchorPane\u003e","isFullCredit":false}],"authorContributionMap":{"April0616":82}},{"path":"src/main/resources/view/PersonListCard.fxml","fileType":"fxml","lines":[{"lineNumber":1,"author":{"gitId":"-"},"content":"\u003c?xml version\u003d\"1.0\" encoding\u003d\"UTF-8\"?\u003e","isFullCredit":false},{"lineNumber":2,"author":{"gitId":"-"},"content":"","isFullCredit":false},{"lineNumber":3,"author":{"gitId":"-"},"content":"\u003c?import javafx.geometry.Insets?\u003e","isFullCredit":false},{"lineNumber":4,"author":{"gitId":"-"},"content":"\u003c?import javafx.scene.control.Label?\u003e","isFullCredit":false},{"lineNumber":5,"author":{"gitId":"-"},"content":"\u003c?import javafx.scene.layout.ColumnConstraints?\u003e","isFullCredit":false},{"lineNumber":6,"author":{"gitId":"-"},"content":"\u003c?import javafx.scene.layout.FlowPane?\u003e","isFullCredit":false},{"lineNumber":7,"author":{"gitId":"-"},"content":"\u003c?import javafx.scene.layout.GridPane?\u003e","isFullCredit":false},{"lineNumber":8,"author":{"gitId":"-"},"content":"\u003c?import javafx.scene.layout.HBox?\u003e","isFullCredit":false},{"lineNumber":9,"author":{"gitId":"-"},"content":"\u003c?import javafx.scene.layout.Region?\u003e","isFullCredit":false},{"lineNumber":10,"author":{"gitId":"nbriannl"},"content":"\u003c?import javafx.scene.layout.RowConstraints?\u003e","isFullCredit":false},{"lineNumber":11,"author":{"gitId":"-"},"content":"\u003c?import javafx.scene.layout.VBox?\u003e","isFullCredit":false},{"lineNumber":12,"author":{"gitId":"nbriannl"},"content":"\u003cHBox id\u003d\"cardPane\" fx:id\u003d\"cardPane\" xmlns\u003d\"http://javafx.com/javafx/8.0.141\" xmlns:fx\u003d\"http://javafx.com/fxml/1\"\u003e","isFullCredit":false},{"lineNumber":13,"author":{"gitId":"-"},"content":"  \u003cGridPane HBox.hgrow\u003d\"ALWAYS\"\u003e","isFullCredit":false},{"lineNumber":14,"author":{"gitId":"-"},"content":"    \u003ccolumnConstraints\u003e","isFullCredit":false},{"lineNumber":15,"author":{"gitId":"-"},"content":"      \u003cColumnConstraints hgrow\u003d\"SOMETIMES\" minWidth\u003d\"10\" prefWidth\u003d\"150\" /\u003e","isFullCredit":false},{"lineNumber":16,"author":{"gitId":"-"},"content":"    \u003c/columnConstraints\u003e","isFullCredit":false},{"lineNumber":17,"author":{"gitId":"-"},"content":"    \u003cVBox alignment\u003d\"CENTER_LEFT\" minHeight\u003d\"105\" GridPane.columnIndex\u003d\"0\"\u003e","isFullCredit":false},{"lineNumber":18,"author":{"gitId":"-"},"content":"      \u003cpadding\u003e","isFullCredit":false},{"lineNumber":19,"author":{"gitId":"nbriannl"},"content":"        \u003cInsets bottom\u003d\"5\" left\u003d\"15\" right\u003d\"5\" top\u003d\"5\" /\u003e","isFullCredit":false},{"lineNumber":20,"author":{"gitId":"-"},"content":"      \u003c/padding\u003e","isFullCredit":false},{"lineNumber":21,"author":{"gitId":"nbriannl"},"content":"      \u003cHBox alignment\u003d\"CENTER_LEFT\" spacing\u003d\"5\"\u003e","isFullCredit":false},{"lineNumber":22,"author":{"gitId":"-"},"content":"        \u003cLabel fx:id\u003d\"id\" styleClass\u003d\"cell_big_label\"\u003e","isFullCredit":false},{"lineNumber":23,"author":{"gitId":"-"},"content":"          \u003cminWidth\u003e","isFullCredit":false},{"lineNumber":24,"author":{"gitId":"-"},"content":"            \u003c!-- Ensures that the label text is never truncated --\u003e","isFullCredit":false},{"lineNumber":25,"author":{"gitId":"-"},"content":"            \u003cRegion fx:constant\u003d\"USE_PREF_SIZE\" /\u003e","isFullCredit":false},{"lineNumber":26,"author":{"gitId":"-"},"content":"          \u003c/minWidth\u003e","isFullCredit":false},{"lineNumber":27,"author":{"gitId":"-"},"content":"        \u003c/Label\u003e","isFullCredit":false},{"lineNumber":28,"author":{"gitId":"nbriannl"},"content":"        \u003cLabel fx:id\u003d\"name\" styleClass\u003d\"cell_big_label\" text\u003d\"\\$first\" /\u003e","isFullCredit":false},{"lineNumber":29,"author":{"gitId":"-"},"content":"      \u003c/HBox\u003e","isFullCredit":false},{"lineNumber":30,"author":{"gitId":"nbriannl"},"content":"      \u003cFlowPane fx:id\u003d\"tags\"\u003e","isFullCredit":false},{"lineNumber":31,"author":{"gitId":"nbriannl"},"content":"            \u003cVBox.margin\u003e","isFullCredit":false},{"lineNumber":32,"author":{"gitId":"nbriannl"},"content":"               \u003cInsets bottom\u003d\"5.0\" /\u003e","isFullCredit":false},{"lineNumber":33,"author":{"gitId":"nbriannl"},"content":"            \u003c/VBox.margin\u003e\u003c/FlowPane\u003e","isFullCredit":false},{"lineNumber":34,"author":{"gitId":"-"},"content":"      \u003cLabel fx:id\u003d\"phone\" styleClass\u003d\"cell_small_label\" text\u003d\"\\$phone\" /\u003e","isFullCredit":false},{"lineNumber":35,"author":{"gitId":"-"},"content":"      \u003cLabel fx:id\u003d\"email\" styleClass\u003d\"cell_small_label\" text\u003d\"\\$email\" /\u003e","isFullCredit":false},{"lineNumber":36,"author":{"gitId":"-"},"content":"    \u003c/VBox\u003e","isFullCredit":false},{"lineNumber":37,"author":{"gitId":"nbriannl"},"content":"      \u003crowConstraints\u003e","isFullCredit":false},{"lineNumber":38,"author":{"gitId":"nbriannl"},"content":"         \u003cRowConstraints /\u003e","isFullCredit":false},{"lineNumber":39,"author":{"gitId":"nbriannl"},"content":"      \u003c/rowConstraints\u003e","isFullCredit":false},{"lineNumber":40,"author":{"gitId":"-"},"content":"  \u003c/GridPane\u003e","isFullCredit":false},{"lineNumber":41,"author":{"gitId":"-"},"content":"\u003c/HBox\u003e","isFullCredit":false}],"authorContributionMap":{"nbriannl":12,"-":29}},{"path":"src/main/resources/view/PersonListPanel.fxml","fileType":"fxml","lines":[{"lineNumber":1,"author":{"gitId":"-"},"content":"\u003c?xml version\u003d\"1.0\" encoding\u003d\"UTF-8\"?\u003e","isFullCredit":false},{"lineNumber":2,"author":{"gitId":"-"},"content":"","isFullCredit":false},{"lineNumber":3,"author":{"gitId":"-"},"content":"\u003c?import javafx.scene.control.ListView?\u003e","isFullCredit":false},{"lineNumber":4,"author":{"gitId":"-"},"content":"\u003c?import javafx.scene.layout.VBox?\u003e","isFullCredit":false},{"lineNumber":5,"author":{"gitId":"nbriannl"},"content":"\u003cVBox styleClass\u003d\"personListBox\" xmlns\u003d\"http://javafx.com/javafx/8.0.141\" xmlns:fx\u003d\"http://javafx.com/fxml/1\"\u003e","isFullCredit":false},{"lineNumber":6,"author":{"gitId":"-"},"content":"  \u003cListView fx:id\u003d\"personListView\" VBox.vgrow\u003d\"ALWAYS\" /\u003e","isFullCredit":false},{"lineNumber":7,"author":{"gitId":"-"},"content":"\u003c/VBox\u003e","isFullCredit":false}],"authorContributionMap":{"nbriannl":1,"-":6}},{"path":"src/main/resources/view/TagListPanel.fxml","fileType":"fxml","lines":[{"lineNumber":1,"author":{"gitId":"nbriannl"},"content":"\u003c?xml version\u003d\"1.0\" encoding\u003d\"UTF-8\"?\u003e","isFullCredit":false},{"lineNumber":2,"author":{"gitId":"nbriannl"},"content":"","isFullCredit":false},{"lineNumber":3,"author":{"gitId":"nbriannl"},"content":"\u003c!-- @@author nbriannl --\u003e","isFullCredit":false},{"lineNumber":4,"author":{"gitId":"nbriannl"},"content":"","isFullCredit":false},{"lineNumber":5,"author":{"gitId":"nbriannl"},"content":"\u003c?import javafx.geometry.Insets?\u003e","isFullCredit":false},{"lineNumber":6,"author":{"gitId":"nbriannl"},"content":"\u003c?import javafx.scene.layout.ColumnConstraints?\u003e","isFullCredit":false},{"lineNumber":7,"author":{"gitId":"nbriannl"},"content":"\u003c?import javafx.scene.layout.FlowPane?\u003e","isFullCredit":false},{"lineNumber":8,"author":{"gitId":"nbriannl"},"content":"\u003c?import javafx.scene.layout.GridPane?\u003e","isFullCredit":false},{"lineNumber":9,"author":{"gitId":"nbriannl"},"content":"\u003c?import javafx.scene.layout.HBox?\u003e","isFullCredit":false},{"lineNumber":10,"author":{"gitId":"nbriannl"},"content":"\u003c?import javafx.scene.layout.RowConstraints?\u003e","isFullCredit":false},{"lineNumber":11,"author":{"gitId":"nbriannl"},"content":"\u003c?import javafx.scene.layout.VBox?\u003e","isFullCredit":false},{"lineNumber":12,"author":{"gitId":"nbriannl"},"content":"\u003cHBox id\u003d\"cardPane\" fx:id\u003d\"cardPane\" xmlns\u003d\"http://javafx.com/javafx/8.0.141\" xmlns:fx\u003d\"http://javafx.com/fxml/1\"\u003e","isFullCredit":false},{"lineNumber":13,"author":{"gitId":"nbriannl"},"content":"  \u003cGridPane HBox.hgrow\u003d\"ALWAYS\"\u003e","isFullCredit":false},{"lineNumber":14,"author":{"gitId":"nbriannl"},"content":"    \u003ccolumnConstraints\u003e","isFullCredit":false},{"lineNumber":15,"author":{"gitId":"nbriannl"},"content":"      \u003cColumnConstraints hgrow\u003d\"SOMETIMES\" minWidth\u003d\"10\" prefWidth\u003d\"150\" /\u003e","isFullCredit":false},{"lineNumber":16,"author":{"gitId":"nbriannl"},"content":"    \u003c/columnConstraints\u003e","isFullCredit":false},{"lineNumber":17,"author":{"gitId":"nbriannl"},"content":"    \u003cVBox alignment\u003d\"CENTER_LEFT\" GridPane.columnIndex\u003d\"0\"\u003e","isFullCredit":false},{"lineNumber":18,"author":{"gitId":"nbriannl"},"content":"      \u003cpadding\u003e","isFullCredit":false},{"lineNumber":19,"author":{"gitId":"nbriannl"},"content":"        \u003cInsets bottom\u003d\"5\" left\u003d\"15\" right\u003d\"5\" top\u003d\"5\" /\u003e","isFullCredit":false},{"lineNumber":20,"author":{"gitId":"nbriannl"},"content":"      \u003c/padding\u003e","isFullCredit":false},{"lineNumber":21,"author":{"gitId":"nbriannl"},"content":"      \u003cFlowPane fx:id\u003d\"tags\" /\u003e","isFullCredit":false},{"lineNumber":22,"author":{"gitId":"nbriannl"},"content":"    \u003c/VBox\u003e","isFullCredit":false},{"lineNumber":23,"author":{"gitId":"nbriannl"},"content":"      \u003crowConstraints\u003e","isFullCredit":false},{"lineNumber":24,"author":{"gitId":"nbriannl"},"content":"         \u003cRowConstraints /\u003e","isFullCredit":false},{"lineNumber":25,"author":{"gitId":"nbriannl"},"content":"      \u003c/rowConstraints\u003e","isFullCredit":false},{"lineNumber":26,"author":{"gitId":"nbriannl"},"content":"  \u003c/GridPane\u003e","isFullCredit":false},{"lineNumber":27,"author":{"gitId":"nbriannl"},"content":"\u003c/HBox\u003e","isFullCredit":false}],"authorContributionMap":{"nbriannl":27}},{"path":"unused/CombinedTimetableDisplay.fxml","fileType":"fxml","lines":[{"lineNumber":1,"author":{"gitId":"zacharytang"},"content":"\u003c?xml version\u003d\"1.0\" encoding\u003d\"UTF-8\"?\u003e","isFullCredit":false},{"lineNumber":2,"author":{"gitId":"zacharytang"},"content":"","isFullCredit":false},{"lineNumber":3,"author":{"gitId":"-"},"content":"\u003c!-- @@author zacharytang-unused --\u003e","isFullCredit":false},{"lineNumber":4,"author":{"gitId":"-"},"content":"","isFullCredit":false},{"lineNumber":5,"author":{"gitId":"-"},"content":"\u003c?import javafx.geometry.Insets?\u003e","isFullCredit":false},{"lineNumber":6,"author":{"gitId":"-"},"content":"\u003c?import javafx.scene.control.Label?\u003e","isFullCredit":false},{"lineNumber":7,"author":{"gitId":"-"},"content":"\u003c?import javafx.scene.control.SplitPane?\u003e","isFullCredit":false},{"lineNumber":8,"author":{"gitId":"-"},"content":"\u003c?import javafx.scene.layout.AnchorPane?\u003e","isFullCredit":false},{"lineNumber":9,"author":{"gitId":"-"},"content":"\u003c?import javafx.scene.layout.ColumnConstraints?\u003e","isFullCredit":false},{"lineNumber":10,"author":{"gitId":"-"},"content":"\u003c?import javafx.scene.layout.GridPane?\u003e","isFullCredit":false},{"lineNumber":11,"author":{"gitId":"-"},"content":"\u003c?import javafx.scene.layout.HBox?\u003e","isFullCredit":false},{"lineNumber":12,"author":{"gitId":"-"},"content":"\u003c?import javafx.scene.layout.RowConstraints?\u003e","isFullCredit":false},{"lineNumber":13,"author":{"gitId":"-"},"content":"\u003c?import javafx.scene.layout.StackPane?\u003e","isFullCredit":false},{"lineNumber":14,"author":{"gitId":"-"},"content":"","isFullCredit":false},{"lineNumber":15,"author":{"gitId":"-"},"content":"\u003cStackPane prefHeight\u003d\"400.0\" prefWidth\u003d\"600.0\" xmlns\u003d\"http://javafx.com/javafx/8\"","isFullCredit":false},{"lineNumber":16,"author":{"gitId":"-"},"content":"           xmlns:fx\u003d\"http://javafx.com/fxml/1\"\u003e","isFullCredit":false},{"lineNumber":17,"author":{"gitId":"-"},"content":"    \u003cSplitPane dividerPositions\u003d\"0.2\" orientation\u003d\"VERTICAL\" prefHeight\u003d\"400.0\" prefWidth\u003d\"600.0\"","isFullCredit":false},{"lineNumber":18,"author":{"gitId":"-"},"content":"               AnchorPane.bottomAnchor\u003d\"0.0\" AnchorPane.leftAnchor\u003d\"0.0\" AnchorPane.rightAnchor\u003d\"0.0\"","isFullCredit":false},{"lineNumber":19,"author":{"gitId":"-"},"content":"               AnchorPane.topAnchor\u003d\"0.0\"\u003e","isFullCredit":false},{"lineNumber":20,"author":{"gitId":"-"},"content":"        \u003cAnchorPane styleClass\u003d\"combined-timetable-label\"\u003e","isFullCredit":false},{"lineNumber":21,"author":{"gitId":"-"},"content":"            \u003cGridPane layoutX\u003d\"151.0\" layoutY\u003d\"26.0\" AnchorPane.bottomAnchor\u003d\"0.0\" AnchorPane.leftAnchor\u003d\"0.0\"","isFullCredit":false},{"lineNumber":22,"author":{"gitId":"-"},"content":"                      AnchorPane.rightAnchor\u003d\"0.0\" AnchorPane.topAnchor\u003d\"0.0\"\u003e","isFullCredit":false},{"lineNumber":23,"author":{"gitId":"-"},"content":"                \u003ccolumnConstraints\u003e","isFullCredit":false},{"lineNumber":24,"author":{"gitId":"-"},"content":"                    \u003cColumnConstraints hgrow\u003d\"SOMETIMES\" maxWidth\u003d\"300\" minWidth\u003d\"300.0\" prefWidth\u003d\"300\"/\u003e","isFullCredit":false},{"lineNumber":25,"author":{"gitId":"-"},"content":"                    \u003cColumnConstraints hgrow\u003d\"SOMETIMES\"/\u003e","isFullCredit":false},{"lineNumber":26,"author":{"gitId":"-"},"content":"                \u003c/columnConstraints\u003e","isFullCredit":false},{"lineNumber":27,"author":{"gitId":"-"},"content":"                \u003crowConstraints\u003e","isFullCredit":false},{"lineNumber":28,"author":{"gitId":"-"},"content":"                    \u003cRowConstraints minHeight\u003d\"10.0\" prefHeight\u003d\"30.0\" vgrow\u003d\"SOMETIMES\"/\u003e","isFullCredit":false},{"lineNumber":29,"author":{"gitId":"-"},"content":"                \u003c/rowConstraints\u003e","isFullCredit":false},{"lineNumber":30,"author":{"gitId":"-"},"content":"                \u003cHBox alignment\u003d\"CENTER_RIGHT\"\u003e","isFullCredit":false},{"lineNumber":31,"author":{"gitId":"-"},"content":"                    \u003cLabel alignment\u003d\"CENTER\" styleClass\u003d\"combined-timetable-main-label\" text\u003d\"Timetables Displayed: \"\u003e","isFullCredit":false},{"lineNumber":32,"author":{"gitId":"-"},"content":"                        \u003cHBox.margin\u003e","isFullCredit":false},{"lineNumber":33,"author":{"gitId":"-"},"content":"                            \u003cInsets right\u003d\"2.5\"/\u003e","isFullCredit":false},{"lineNumber":34,"author":{"gitId":"-"},"content":"                        \u003c/HBox.margin\u003e","isFullCredit":false},{"lineNumber":35,"author":{"gitId":"-"},"content":"                    \u003c/Label\u003e","isFullCredit":false},{"lineNumber":36,"author":{"gitId":"-"},"content":"                \u003c/HBox\u003e","isFullCredit":false},{"lineNumber":37,"author":{"gitId":"-"},"content":"                \u003cHBox alignment\u003d\"CENTER_LEFT\" GridPane.columnIndex\u003d\"1\"\u003e","isFullCredit":false},{"lineNumber":38,"author":{"gitId":"-"},"content":"                    \u003cLabel fx:id\u003d\"names\" styleClass\u003d\"combined-timetable-names\" text\u003d\"Label\"\u003e","isFullCredit":false},{"lineNumber":39,"author":{"gitId":"-"},"content":"                        \u003cHBox.margin\u003e","isFullCredit":false},{"lineNumber":40,"author":{"gitId":"-"},"content":"                            \u003cInsets left\u003d\"2.5\"/\u003e","isFullCredit":false},{"lineNumber":41,"author":{"gitId":"-"},"content":"                        \u003c/HBox.margin\u003e","isFullCredit":false},{"lineNumber":42,"author":{"gitId":"-"},"content":"                    \u003c/Label\u003e","isFullCredit":false},{"lineNumber":43,"author":{"gitId":"-"},"content":"                \u003c/HBox\u003e","isFullCredit":false},{"lineNumber":44,"author":{"gitId":"-"},"content":"            \u003c/GridPane\u003e","isFullCredit":false},{"lineNumber":45,"author":{"gitId":"-"},"content":"        \u003c/AnchorPane\u003e","isFullCredit":false},{"lineNumber":46,"author":{"gitId":"-"},"content":"        \u003cAnchorPane fx:id\u003d\"timetablePlaceholder\" minHeight\u003d\"0.0\" minWidth\u003d\"0.0\" prefHeight\u003d\"100.0\" prefWidth\u003d\"160.0\"/\u003e","isFullCredit":false},{"lineNumber":47,"author":{"gitId":"-"},"content":"    \u003c/SplitPane\u003e","isFullCredit":false},{"lineNumber":48,"author":{"gitId":"-"},"content":"\u003c/StackPane\u003e","isFullCredit":false}],"authorContributionMap":{"zacharytang":2,"-":46}},{"path":"unused/PersonInfoOverview.fxml","fileType":"fxml","lines":[{"lineNumber":1,"author":{"gitId":"zacharytang"},"content":"\u003c?xml version\u003d\"1.0\" encoding\u003d\"UTF-8\"?\u003e","isFullCredit":false},{"lineNumber":2,"author":{"gitId":"zacharytang"},"content":"","isFullCredit":false},{"lineNumber":3,"author":{"gitId":"zacharytang"},"content":"\u003c?import javafx.scene.control.Label?\u003e","isFullCredit":false},{"lineNumber":4,"author":{"gitId":"zacharytang"},"content":"\u003c?import javafx.scene.control.SplitPane?\u003e","isFullCredit":false},{"lineNumber":5,"author":{"gitId":"April0616"},"content":"\u003c?import javafx.scene.image.ImageView?\u003e","isFullCredit":false},{"lineNumber":6,"author":{"gitId":"zacharytang"},"content":"\u003c?import javafx.scene.layout.AnchorPane?\u003e","isFullCredit":false},{"lineNumber":7,"author":{"gitId":"zacharytang"},"content":"\u003c?import javafx.scene.layout.HBox?\u003e","isFullCredit":false},{"lineNumber":8,"author":{"gitId":"zacharytang"},"content":"\u003c?import javafx.scene.layout.StackPane?\u003e","isFullCredit":false},{"lineNumber":9,"author":{"gitId":"zacharytang"},"content":"\u003c?import javafx.scene.layout.VBox?\u003e","isFullCredit":false},{"lineNumber":10,"author":{"gitId":"April0616"},"content":"","isFullCredit":false},{"lineNumber":11,"author":{"gitId":"-"},"content":"\u003c!-- @@author zacharytang-unused --\u003e","isFullCredit":false},{"lineNumber":12,"author":{"gitId":"-"},"content":"\u003cStackPane styleClass\u003d\"info-panel\" xmlns\u003d\"http://javafx.com/javafx/8\" xmlns:fx\u003d\"http://javafx.com/fxml/1\"\u003e","isFullCredit":false},{"lineNumber":13,"author":{"gitId":"-"},"content":"    \u003c!--Edit dividerPositions below to adjust vertical divider position between the person info and the timetable area --\u003e","isFullCredit":false},{"lineNumber":14,"author":{"gitId":"-"},"content":"    \u003cSplitPane dividerPositions\u003d\"0.3\" orientation\u003d\"VERTICAL\"\u003e","isFullCredit":false},{"lineNumber":15,"author":{"gitId":"-"},"content":"        \u003cAnchorPane\u003e","isFullCredit":false},{"lineNumber":16,"author":{"gitId":"-"},"content":"            \u003c!--Edit dividerPositions below to adjust the divider position between the person photo and the person details--\u003e","isFullCredit":false},{"lineNumber":17,"author":{"gitId":"-"},"content":"            \u003cSplitPane dividerPositions\u003d\"0.48333333333333334\" AnchorPane.bottomAnchor\u003d\"0.0\" AnchorPane.leftAnchor\u003d\"0.0\" AnchorPane.rightAnchor\u003d\"0.0\" AnchorPane.topAnchor\u003d\"0.0\"\u003e","isFullCredit":false},{"lineNumber":18,"author":{"gitId":"-"},"content":"                \u003cAnchorPane fx:id\u003d\"contactPhotoPane\" minHeight\u003d\"0.0\" minWidth\u003d\"0.0\" styleClass\u003d\"info-name-cell\"\u003e","isFullCredit":false},{"lineNumber":19,"author":{"gitId":"-"},"content":"               \u003cchildren\u003e","isFullCredit":false},{"lineNumber":20,"author":{"gitId":"-"},"content":"                  \u003cImageView fx:id\u003d\"contactPhoto\" layoutX\u003d\"1.0\" layoutY\u003d\"-1.0\" pickOnBounds\u003d\"true\" preserveRatio\u003d\"true\" AnchorPane.bottomAnchor\u003d\"0.0\" AnchorPane.leftAnchor\u003d\"0.0\" AnchorPane.rightAnchor\u003d\"0.0\" AnchorPane.topAnchor\u003d\"0.0\"\u003e","isFullCredit":false},{"lineNumber":21,"author":{"gitId":"-"},"content":"","isFullCredit":false},{"lineNumber":22,"author":{"gitId":"-"},"content":"                  \u003c/ImageView\u003e","isFullCredit":false},{"lineNumber":23,"author":{"gitId":"-"},"content":"               \u003c/children\u003e\u003c/AnchorPane\u003e","isFullCredit":false},{"lineNumber":24,"author":{"gitId":"-"},"content":"","isFullCredit":false},{"lineNumber":25,"author":{"gitId":"-"},"content":"                \u003cAnchorPane minHeight\u003d\"0.0\" minWidth\u003d\"0.0\" styleClass\u003d\"info-cell\"\u003e","isFullCredit":false},{"lineNumber":26,"author":{"gitId":"-"},"content":"                    \u003cVBox alignment\u003d\"CENTER_LEFT\" AnchorPane.bottomAnchor\u003d\"0.0\" AnchorPane.leftAnchor\u003d\"20.0\" AnchorPane.rightAnchor\u003d\"0.0\" AnchorPane.topAnchor\u003d\"0.0\"\u003e","isFullCredit":false},{"lineNumber":27,"author":{"gitId":"-"},"content":"                        \u003cHBox alignment\u003d\"CENTER_LEFT\" spacing\u003d\"5\"\u003e","isFullCredit":false},{"lineNumber":28,"author":{"gitId":"-"},"content":"                            \u003cLabel styleClass\u003d\"display_small_label\" text\u003d\"Name:\" /\u003e","isFullCredit":false},{"lineNumber":29,"author":{"gitId":"-"},"content":"                            \u003cLabel fx:id\u003d\"name\" styleClass\u003d\"display_small_value\" text\u003d\"\\$name\" /\u003e","isFullCredit":false},{"lineNumber":30,"author":{"gitId":"-"},"content":"                        \u003c/HBox\u003e","isFullCredit":false},{"lineNumber":31,"author":{"gitId":"-"},"content":"                        \u003cHBox alignment\u003d\"CENTER_LEFT\" spacing\u003d\"5\"\u003e","isFullCredit":false},{"lineNumber":32,"author":{"gitId":"-"},"content":"                            \u003cLabel styleClass\u003d\"display_small_label\" text\u003d\"Gender:\" /\u003e","isFullCredit":false},{"lineNumber":33,"author":{"gitId":"-"},"content":"                            \u003cLabel fx:id\u003d\"gender\" styleClass\u003d\"display_small_value\" text\u003d\"\\$gender\" /\u003e","isFullCredit":false},{"lineNumber":34,"author":{"gitId":"-"},"content":"                        \u003c/HBox\u003e","isFullCredit":false},{"lineNumber":35,"author":{"gitId":"-"},"content":"                        \u003cHBox alignment\u003d\"CENTER_LEFT\" spacing\u003d\"5\"\u003e","isFullCredit":false},{"lineNumber":36,"author":{"gitId":"-"},"content":"                            \u003cLabel styleClass\u003d\"display_small_label\" text\u003d\"Matriculation No:\" /\u003e","isFullCredit":false},{"lineNumber":37,"author":{"gitId":"-"},"content":"                            \u003cLabel fx:id\u003d\"matricNo\" styleClass\u003d\"display_small_value\" text\u003d\"\\$matricNo\" /\u003e","isFullCredit":false},{"lineNumber":38,"author":{"gitId":"-"},"content":"                        \u003c/HBox\u003e","isFullCredit":false},{"lineNumber":39,"author":{"gitId":"-"},"content":"                        \u003cHBox alignment\u003d\"CENTER_LEFT\" spacing\u003d\"5\"\u003e","isFullCredit":false},{"lineNumber":40,"author":{"gitId":"-"},"content":"                            \u003cLabel styleClass\u003d\"display_small_label\" text\u003d\"Phone No:\" /\u003e","isFullCredit":false},{"lineNumber":41,"author":{"gitId":"-"},"content":"                            \u003cLabel fx:id\u003d\"phone\" styleClass\u003d\"display_small_value\" text\u003d\"\\$phone\" /\u003e","isFullCredit":false},{"lineNumber":42,"author":{"gitId":"-"},"content":"                        \u003c/HBox\u003e","isFullCredit":false},{"lineNumber":43,"author":{"gitId":"-"},"content":"                        \u003cHBox alignment\u003d\"CENTER_LEFT\" spacing\u003d\"5\"\u003e","isFullCredit":false},{"lineNumber":44,"author":{"gitId":"-"},"content":"                            \u003cLabel styleClass\u003d\"display_small_label\" text\u003d\"Address:\" /\u003e","isFullCredit":false},{"lineNumber":45,"author":{"gitId":"-"},"content":"                            \u003cLabel fx:id\u003d\"address\" styleClass\u003d\"display_small_value\" text\u003d\"\\$address\" wrapText\u003d\"true\"/\u003e","isFullCredit":false},{"lineNumber":46,"author":{"gitId":"-"},"content":"                        \u003c/HBox\u003e","isFullCredit":false},{"lineNumber":47,"author":{"gitId":"-"},"content":"                        \u003cHBox alignment\u003d\"CENTER_LEFT\" spacing\u003d\"5\"\u003e","isFullCredit":false},{"lineNumber":48,"author":{"gitId":"-"},"content":"                            \u003cLabel styleClass\u003d\"display_small_label\" text\u003d\"Email:\" /\u003e","isFullCredit":false},{"lineNumber":49,"author":{"gitId":"-"},"content":"                            \u003cLabel fx:id\u003d\"email\" styleClass\u003d\"display_small_value\" text\u003d\"\\$email\" /\u003e","isFullCredit":false},{"lineNumber":50,"author":{"gitId":"-"},"content":"                        \u003c/HBox\u003e","isFullCredit":false},{"lineNumber":51,"author":{"gitId":"-"},"content":"                        \u003cHBox alignment\u003d\"CENTER_LEFT\" spacing\u003d\"5\"\u003e","isFullCredit":false},{"lineNumber":52,"author":{"gitId":"-"},"content":"                            \u003cLabel styleClass\u003d\"display_small_label\" text\u003d\"Birthday:\" /\u003e","isFullCredit":false},{"lineNumber":53,"author":{"gitId":"-"},"content":"                            \u003cLabel fx:id\u003d\"birthday\" styleClass\u003d\"display_small_value\" text\u003d\"\\$birthday\" /\u003e","isFullCredit":false},{"lineNumber":54,"author":{"gitId":"-"},"content":"                        \u003c/HBox\u003e","isFullCredit":false},{"lineNumber":55,"author":{"gitId":"-"},"content":"                        \u003cHBox alignment\u003d\"CENTER_LEFT\" spacing\u003d\"5\"\u003e","isFullCredit":false},{"lineNumber":56,"author":{"gitId":"-"},"content":"                            \u003cLabel styleClass\u003d\"display_small_label\" text\u003d\"Remark:\" /\u003e","isFullCredit":false},{"lineNumber":57,"author":{"gitId":"-"},"content":"                            \u003cLabel fx:id\u003d\"remark\" styleClass\u003d\"display_small_value\" text\u003d\"\\$remark\" wrapText\u003d\"true\"/\u003e","isFullCredit":false},{"lineNumber":58,"author":{"gitId":"-"},"content":"                        \u003c/HBox\u003e","isFullCredit":false},{"lineNumber":59,"author":{"gitId":"-"},"content":"                    \u003c/VBox\u003e","isFullCredit":false},{"lineNumber":60,"author":{"gitId":"-"},"content":"                \u003c/AnchorPane\u003e","isFullCredit":false},{"lineNumber":61,"author":{"gitId":"-"},"content":"            \u003c/SplitPane\u003e","isFullCredit":false},{"lineNumber":62,"author":{"gitId":"-"},"content":"        \u003c/AnchorPane\u003e","isFullCredit":false},{"lineNumber":63,"author":{"gitId":"-"},"content":"        \u003cAnchorPane fx:id\u003d\"timetablePlaceholder\" /\u003e","isFullCredit":false},{"lineNumber":64,"author":{"gitId":"-"},"content":"    \u003c/SplitPane\u003e","isFullCredit":false},{"lineNumber":65,"author":{"gitId":"-"},"content":"\u003c/StackPane\u003e","isFullCredit":false}],"authorContributionMap":{"zacharytang":8,"April0616":2,"-":55}}]
