[{"path":".gitignore","fileType":"gitignore","lines":[{"lineNumber":1,"author":{"gitId":"zsc990124"},"content":".idea/","isFullCredit":false}],"authorContributionMap":{"zsc990124":1}},{"path":"README.md","fileType":"md","lines":[{"lineNumber":1,"author":{"gitId":"zsc990124"},"content":"# testrepo-gitlab","isFullCredit":false},{"lineNumber":2,"author":{"gitId":"zsc990124"},"content":"","isFullCredit":false},{"lineNumber":3,"author":{"gitId":"zsc990124"},"content":"This repository is created to test [RepoSence](https://github.com/reposense/RepoSense).","isFullCredit":false}],"authorContributionMap":{"zsc990124":3}},{"path":"src/main/java/Main.java","fileType":"java","lines":[{"lineNumber":1,"author":{"gitId":"zsc990124"},"content":"public class Main {","isFullCredit":false},{"lineNumber":2,"author":{"gitId":"zsc990124"},"content":"    public static void main(String[] args) {","isFullCredit":false},{"lineNumber":3,"author":{"gitId":"zsc990124"},"content":"        System.out.println(\"Hello world!\");","isFullCredit":false},{"lineNumber":4,"author":{"gitId":"zsc990124"},"content":"    }","isFullCredit":false},{"lineNumber":5,"author":{"gitId":"zsc990124"},"content":"}","isFullCredit":false}],"authorContributionMap":{"zsc990124":5}},{"path":"src/main/main.iml","fileType":"iml","lines":[{"lineNumber":1,"author":{"gitId":"zsc990124"},"content":"\u003c?xml version\u003d\"1.0\" encoding\u003d\"UTF-8\"?\u003e","isFullCredit":false},{"lineNumber":2,"author":{"gitId":"zsc990124"},"content":"\u003cmodule type\u003d\"JAVA_MODULE\" version\u003d\"4\"\u003e","isFullCredit":false},{"lineNumber":3,"author":{"gitId":"zsc990124"},"content":"  \u003ccomponent name\u003d\"NewModuleRootManager\" inherit-compiler-output\u003d\"true\"\u003e","isFullCredit":false},{"lineNumber":4,"author":{"gitId":"zsc990124"},"content":"    \u003cexclude-output /\u003e","isFullCredit":false},{"lineNumber":5,"author":{"gitId":"zsc990124"},"content":"    \u003ccontent url\u003d\"file://$MODULE_DIR$\"\u003e","isFullCredit":false},{"lineNumber":6,"author":{"gitId":"zsc990124"},"content":"      \u003csourceFolder url\u003d\"file://$MODULE_DIR$/java\" isTestSource\u003d\"false\" /\u003e","isFullCredit":false},{"lineNumber":7,"author":{"gitId":"zsc990124"},"content":"    \u003c/content\u003e","isFullCredit":false},{"lineNumber":8,"author":{"gitId":"zsc990124"},"content":"    \u003corderEntry type\u003d\"inheritedJdk\" /\u003e","isFullCredit":false},{"lineNumber":9,"author":{"gitId":"zsc990124"},"content":"    \u003corderEntry type\u003d\"sourceFolder\" forTests\u003d\"false\" /\u003e","isFullCredit":false},{"lineNumber":10,"author":{"gitId":"zsc990124"},"content":"  \u003c/component\u003e","isFullCredit":false},{"lineNumber":11,"author":{"gitId":"zsc990124"},"content":"\u003c/module\u003e","isFullCredit":false}],"authorContributionMap":{"zsc990124":11}}]
