{"authorDailyContributionsMap":{"zsc990124":[{"date":"2022-06-30","commitResults":[{"hash":"320afe52074452a6f1adc6abe39f0d6ad0892a35","isMergeCommit":false,"messageTitle":"Initial commit","messageBody":"","fileTypesAndContributionMap":{"md":{"insertions":92,"deletions":0}}},{"hash":"06d93318de392c4545b44a593d543b498ae46b57","isMergeCommit":false,"messageTitle":"Update README.md","messageBody":"","fileTypesAndContributionMap":{"md":{"insertions":1,"deletions":90}}}]},{"date":"2022-07-12","commitResults":[{"hash":"c840ee8f87b91b4a7731b18143c9ce5c9f538803","isMergeCommit":false,"messageTitle":"Add gitignore","messageBody":"","fileTypesAndContributionMap":{"gitignore":{"insertions":1,"deletions":0}}},{"hash":"0fa301ffa15b7b032ba21846e52d80a7ad5b4666","isMergeCommit":false,"messageTitle":"Add main class","messageBody":"","fileTypesAndContributionMap":{"java":{"insertions":5,"deletions":0}}},{"hash":"d0d9d358d1d975ca50f84cb62f2e7f53f39ae6f4","isMergeCommit":false,"messageTitle":"Add config file","messageBody":"","fileTypesAndContributionMap":{"iml":{"insertions":11,"deletions":0}}}]}]},"authorFileTypeContributionMap":{"zsc990124":{"gitignore":1,"md":3,"java":5,"iml":11}},"authorContributionVariance":{"zsc990124":2361.6206},"authorDisplayNameMap":{"zsc990124":"Zhang Shi Chen"}}
