{"repoSenseVersion":"b2c8629","reportGeneratedTime":"Mon, 17 Feb 2025 02:35:49 UTC","reportGenerationTime":" 2 minute(s) 17.50 second(s)","zoneId":"Etc/UTC","reportTitle":"RepoSense Report","repos":[{"location":{"location":"https://github.com/reposense/testrepo-Alpha.git","repoName":"testrepo-Alpha","organization":"reposense","domainName":"github"},"branch":"master","displayName":"reposense/testrepo-Alpha[master]","outputFolderName":"reposense_testrepo-Alpha_master"},{"location":{"location":"https://github.com/reposense/testrepo-Beta.git","repoName":"testrepo-Beta","organization":"reposense","domainName":"github"},"branch":"master","displayName":"reposense/testrepo-Beta[master]","outputFolderName":"reposense_testrepo-Beta_master"},{"location":{"location":"https://github.com/reposense/testrepo-Beta.git","repoName":"testrepo-Beta","organization":"reposense","domainName":"github"},"branch":"add-config-json","displayName":"reposense/testrepo-Beta[add-config-json]","outputFolderName":"reposense_testrepo-Beta_add-config-json"},{"location":{"location":"https://github.com/reposense/testrepo-Delta.git","repoName":"testrepo-Delta","organization":"reposense","domainName":"github"},"branch":"master","displayName":"reposense/testrepo-Delta[master]","outputFolderName":"reposense_testrepo-Delta_master"},{"location":{"location":"https://github.com/reposense/testrepo-Delta.git","repoName":"testrepo-Delta","organization":"reposense","domainName":"github"},"branch":"add-binary-file","displayName":"reposense/testrepo-Delta[add-binary-file]","outputFolderName":"reposense_testrepo-Delta_add-binary-file"},{"location":{"location":"https://bitbucket.org/skyblaise/testrepo-bitbucket.git","repoName":"testrepo-bitbucket","organization":"skyblaise","domainName":"bitbucket"},"branch":"master","displayName":"skyblaise/testrepo-bitbucket[master]","outputFolderName":"skyblaise_testrepo-bitbucket_master"},{"location":{"location":"https://gitlab.com/reposense/testrepo-gitlab.git","repoName":"testrepo-gitlab","organization":"reposense","domainName":"gitlab"},"branch":"main","displayName":"reposense/testrepo-gitlab[main]","outputFolderName":"reposense_testrepo-gitlab_main"},{"location":{"location":"https://tomluozhijie@git.code.sf.net/p/repo-sense-test-repo/code","repoName":"code","organization":"p-repo-sense-test-repo","domainName":"NOT_RECOGNIZED"},"branch":"master","displayName":"p-repo-sense-test-repo/code[master]","outputFolderName":"p-repo-sense-test-repo_code_master"}],"errorSet":[{"repoName":"reposense/RepoSense[master]","errorMessage":"Failed to clone from https://github.com/reposense/RepoSense.git"},{"repoName":"reposense/RepoSense[master]","errorMessage":"Failed to clone from ftp://github.com/reposense/RepoSense.git"},{"repoName":"reposense/testrepo-Empty[master]","errorMessage":"Failed to clone from https://github.com/reposense/testrepo-Empty.git"},{"repoName":"reposense/testrepo-Delta[nonExistentBranch]","errorMessage":"Branch \"nonExistentBranch\" does not exist."}],"sinceDate":"2018-03-01","untilDate":"2025-02-17","isSinceDateProvided":true,"isUntilDateProvided":false,"supportedDomainUrlMap":{"NOT_RECOGNIZED":{"BRANCH":"","REPO_URL":"UNSUPPORTED","BASE_URL":"UNSUPPORTED","HISTORY_PATH":"","COMMIT_PATH":"","BLAME_PATH":""},"bitbucket":{"BRANCH":"src/$BRANCH","REPO_URL":"https://bitbucket.org/$ORGANIZATION/$REPO_NAME/","BASE_URL":"https://bitbucket.org/","HISTORY_PATH":"history-node/HEAD/$FILE_PATH?at\u003d$BRANCH","COMMIT_PATH":"commits/$COMMIT_HASH","BLAME_PATH":"annotate/$BRANCH/$FILE_PATH"},"github":{"BRANCH":"tree/$BRANCH","REPO_URL":"https://github.com/$ORGANIZATION/$REPO_NAME/","BASE_URL":"https://github.com/","HISTORY_PATH":"commits/$BRANCH/$FILE_PATH","COMMIT_PATH":"commit/$COMMIT_HASH","BLAME_PATH":"blame/$BRANCH/$FILE_PATH"},"gitlab":{"BRANCH":"-/tree/$BRANCH","REPO_URL":"https://gitlab.com/$ORGANIZATION/$REPO_NAME/","BASE_URL":"https://gitlab.com/","HISTORY_PATH":"-/commits/$BRANCH/$FILE_PATH","COMMIT_PATH":"-/commit/$COMMIT_HASH","BLAME_PATH":"-/blame/$BRANCH/$FILE_PATH"}},"isAuthorshipAnalyzed":false,"blurbs":{"urlBlurbMap":{"https://github.com/reposense/testrepo-Alpha/tree/master":"Master branch of testrepo-Alpha"}}}
