{"authorDailyContributionsMap":{"lithiumlkid":[],"lohtianwei":[{"date":"2018-03-08","commitResults":[{"hash":"15470f7ade79e0147d032e15c4895b4938702e4f","isMergeCommit":false,"messageTitle":"AddressBookParser:Add alias for Addcommand","messageBody":"","fileTypesAndContributionMap":{"code":{"insertions":2,"deletions":0},"tests":{"insertions":7,"deletions":0}}},{"hash":"95abeede889a31caf076b6377b327e43d6bc2cee","isMergeCommit":false,"messageTitle":"AddressBookParser: Add alias for EditCommand","messageBody":"","fileTypesAndContributionMap":{"code":{"insertions":2,"deletions":0},"tests":{"insertions":9,"deletions":0}}},{"hash":"bacc0b716fb216f2d21bc347410985e30161347b","isMergeCommit":false,"messageTitle":"AdressBookParser: Add alias for selectCommand","messageBody":"","fileTypesAndContributionMap":{"code":{"insertions":2,"deletions":0},"tests":{"insertions":7,"deletions":0}}},{"hash":"ef2dd3f68b07ece04005fd5c4c45f4967cc70963","isMergeCommit":false,"messageTitle":"AddressBookParser: Add alias for DeleteCommand","messageBody":"","fileTypesAndContributionMap":{"code":{"insertions":2,"deletions":0},"tests":{"insertions":7,"deletions":0}}},{"hash":"f7e839f0a73bfec04117a2264cfc8d94a927d514","isMergeCommit":false,"messageTitle":"AddressBookParser: Add alias for clearCommand","messageBody":"","fileTypesAndContributionMap":{"code":{"insertions":2,"deletions":0},"tests":{"insertions":6,"deletions":0}}},{"hash":"b4c2ecca4c0ce629b0aeba75e4b3b972fbe85e0b","isMergeCommit":false,"messageTitle":"AdressBookParser: Add alias for FindCommand","messageBody":"","fileTypesAndContributionMap":{"code":{"insertions":2,"deletions":0},"tests":{"insertions":8,"deletions":0}}},{"hash":"65ab45d0a89ba38567c095b10db894747f603a2e","isMergeCommit":false,"messageTitle":"AddressBookParser: Add alias for listCommand","messageBody":"","fileTypesAndContributionMap":{"code":{"insertions":2,"deletions":0},"tests":{"insertions":6,"deletions":0}}},{"hash":"b086d334c5db73294b7c76436af46e3e4879102c","isMergeCommit":false,"messageTitle":"AddressBookParser: Add alias for historyCommand","messageBody":"","fileTypesAndContributionMap":{"code":{"insertions":2,"deletions":0},"tests":{"insertions":6,"deletions":0}}},{"hash":"486b9ca9ff65ac3b45d43d43451e20bf03b9ed04","isMergeCommit":false,"messageTitle":"AddressBookParser: Add alias for undoCommand","messageBody":"","fileTypesAndContributionMap":{"code":{"insertions":2,"deletions":0},"tests":{"insertions":6,"deletions":0}}},{"hash":"dd853a209df4b4810ac5f669b5babb8743cb7a5a","isMergeCommit":false,"messageTitle":"AddressBookParser: Add alias for redoCommand","messageBody":"","fileTypesAndContributionMap":{"code":{"insertions":2,"deletions":0},"tests":{"insertions":6,"deletions":0}}}]},{"date":"2018-03-14","commitResults":[{"hash":"55842f5443086411149c45f58388868e2e4ea376","isMergeCommit":false,"messageTitle":"Added sort function","messageBody":"","fileTypesAndContributionMap":{"code":{"insertions":196,"deletions":13}}}]},{"date":"2018-03-19","commitResults":[{"hash":"fdbfc56f64d86961b4fc8ad225fcd022f88af4e8","isMergeCommit":true,"messageTitle":"Merge branch \u0027minor_enhance_sort\u0027 of https://github.com/lohtianwei/main into minor_enhance_sort","messageBody":"","fileTypesAndContributionMap":{}},{"hash":"379a1949e354fdbc3636172db5130558cc7afc8a","isMergeCommit":false,"messageTitle":"Edits done to sort function based on Jordan\u0027s comments","messageBody":"","fileTypesAndContributionMap":{"code":{"insertions":1,"deletions":2}}}]},{"date":"2018-03-20","commitResults":[{"hash":"342022a12e1b296dbde96a0d6c171f93c9ed06a6","isMergeCommit":false,"messageTitle":"Minor edit to sortCommand: Change usage example.","messageBody":"Added model stub for sort function\n","fileTypesAndContributionMap":{"code":{"insertions":2,"deletions":2},"tests":{"insertions":6,"deletions":0}}},{"hash":"6f19ba6513957b5e27312970fbf933707db57985","isMergeCommit":false,"messageTitle":"Removed additional line break in sort command","messageBody":"","fileTypesAndContributionMap":{"code":{"insertions":1,"deletions":2}}},{"hash":"806daf429c576f8f53d2cdc602bc06b4c4600a1e","isMergeCommit":false,"messageTitle":"Added test cases for Sort function.","messageBody":"","fileTypesAndContributionMap":{"tests":{"insertions":258,"deletions":0}}}]},{"date":"2018-03-22","commitResults":[{"hash":"e1a2f9fc13f0f7de5732559e8ef9f380a2ebcca8","isMergeCommit":false,"messageTitle":"Fixed checkstyle error for Travis","messageBody":"","fileTypesAndContributionMap":{"code":{"insertions":40,"deletions":29}}},{"hash":"70c66312049d16a9085a1d31d0a849d9ee8c1c0f","isMergeCommit":true,"messageTitle":"Merge branch \u0027master\u0027 into minor_enhance_sort","messageBody":"","fileTypesAndContributionMap":{}},{"hash":"867396b5927cf33a62d9af0d8cf2b7f264c34555","isMergeCommit":false,"messageTitle":"Removed trailing whitespaces according to Travis checks","messageBody":"","fileTypesAndContributionMap":{"code":{"insertions":4,"deletions":4}}},{"hash":"fc35bc155ae60091d188b456d22fa94f031adee8","isMergeCommit":false,"messageTitle":"Edited sort tests to appease Travis","messageBody":"","fileTypesAndContributionMap":{"tests":{"insertions":25,"deletions":26}}},{"hash":"71266a9804ed611124ab958045d7595d289a339a","isMergeCommit":false,"messageTitle":"edit test files for travis testing","messageBody":"","fileTypesAndContributionMap":{"tests":{"insertions":15,"deletions":15}}},{"hash":"e6466a174901bc27886887b897cd0afcb76a521a","isMergeCommit":false,"messageTitle":"Made minor changes to sort command and it\u0027s parser to throw appropriate exceptions to allow test cases to pass.","messageBody":"","fileTypesAndContributionMap":{"code":{"insertions":25,"deletions":0}}},{"hash":"a334ec531a61061a28a9de2c6982f0a77214d7c5","isMergeCommit":false,"messageTitle":"SortCommandParserTest: Removed redundant whitespaces","messageBody":"","fileTypesAndContributionMap":{"tests":{"insertions":13,"deletions":13}}},{"hash":"fe087b9ecf042ce5aaa256d27ff879641968fbfa","isMergeCommit":false,"messageTitle":"Travis checkstyle edit","messageBody":"","fileTypesAndContributionMap":{"code":{"insertions":2,"deletions":1}}},{"hash":"87888d4c9579336198e1c2f49272b7c3bd5bc4ab","isMergeCommit":false,"messageTitle":"Removed 1 test case temporarily for sortCommand","messageBody":"","fileTypesAndContributionMap":{"code":{"insertions":1,"deletions":1},"tests":{"insertions":2,"deletions":2}}},{"hash":"fd406f4169c0b5ceb89374862ca6c0fa9a7fc728","isMergeCommit":false,"messageTitle":"Minor checkstyle edit for sort command parser test","messageBody":"","fileTypesAndContributionMap":{"tests":{"insertions":7,"deletions":6}}},{"hash":"be8f0850facfb0435106c9eaca230dd4b851ecbc","isMergeCommit":true,"messageTitle":"Merge pull request #1 from lohtianwei/minor_enhance_sort","messageBody":"Minor enhance sort","fileTypesAndContributionMap":{}},{"hash":"16c0e3bf0269b9f2e554de0f18e027da6e7ad0f9","isMergeCommit":true,"messageTitle":"Merge pull request #2 from lohtianwei/master","messageBody":"Merge master to devGuide","fileTypesAndContributionMap":{}},{"hash":"ebc8d0f8333e0fc7668cf273838afd5ae8c6baa2","isMergeCommit":true,"messageTitle":"Merge pull request #57 from lohtianwei/minor_enhance_sort","messageBody":"Added sort function","fileTypesAndContributionMap":{}},{"hash":"112638e9d3609058e8cf6e5eed6c5a115ba65553","isMergeCommit":true,"messageTitle":"Merge branch \u0027master\u0027 of https://github.com/CS2103JAN2018-F14-B1/main","messageBody":"","fileTypesAndContributionMap":{}},{"hash":"3caff46663a752a1e58a2793b55362b1ac49eaa1","isMergeCommit":true,"messageTitle":"Merge branch \u0027master\u0027 into devGuide_Update_19Mar","messageBody":"","fileTypesAndContributionMap":{}},{"hash":"fe729ea193b0507c07b8a607243cef5e708d0b97","isMergeCommit":true,"messageTitle":"Merge pull request #72 from lohtianwei/userguide_newFeatures_19Mar","messageBody":"UserGuide: Updated userguide for sort commands and added new commands","fileTypesAndContributionMap":{}}]},{"date":"2018-03-28","commitResults":[{"hash":"9856a585179bfb843cc9d1d2ca1dfbce902e4b94","isMergeCommit":true,"messageTitle":"Merge branch \u0027master\u0027 of https://github.com/CS2103JAN2018-F14-B1/main","messageBody":"","fileTypesAndContributionMap":{}}]},{"date":"2018-03-30","commitResults":[{"hash":"4526e0910ebb486fe690b4e417bfbccd3092a85d","isMergeCommit":false,"messageTitle":"Minor updates to Toggleprivacy. Privacy toggles and changes in addressbook.xml but display still shows plaintext","messageBody":"","fileTypesAndContributionMap":{"code":{"insertions":45,"deletions":61}}},{"hash":"eac0df1a1d0fafb28f4828ee204790350756848b","isMergeCommit":false,"messageTitle":"Minor change to xmladapated person for toggle privacy function to save permanently","messageBody":"","fileTypesAndContributionMap":{"code":{"insertions":20,"deletions":21}}}]},{"date":"2018-03-31","commitResults":[{"hash":"f3e6adc221749d6819b8602f6ea46320771933cc","isMergeCommit":false,"messageTitle":"Minor update to UI portion Person Card to ensure private fields do not show plaintext in panel list","messageBody":"","fileTypesAndContributionMap":{"code":{"insertions":25,"deletions":4}}},{"hash":"12f95796f6a7b2e04e7d13652ffd768e01204c12","isMergeCommit":false,"messageTitle":"Minor update to UI portion PlayerDetails to ensure private fields are not displayed in side panel","messageBody":"","fileTypesAndContributionMap":{"code":{"insertions":18,"deletions":4}}},{"hash":"eb61801f3a4760d2aa0e82b00dea90d7db87cbb9","isMergeCommit":true,"messageTitle":"Merge branch \u0027master\u0027 of https://github.com/CS2103JAN2018-F14-B1/main","messageBody":"","fileTypesAndContributionMap":{}}]},{"date":"2018-04-04","commitResults":[{"hash":"147e0ee4cf811172242d672e889fb8d3e07f00dc","isMergeCommit":true,"messageTitle":"Merge branch \u0027master\u0027 of https://github.com/lohtianwei/main into security_feature_privateField","messageBody":"","fileTypesAndContributionMap":{}},{"hash":"07ad8a7cb4a0da747a853e37001d2e1b0bc7046a","isMergeCommit":false,"messageTitle":"Updated TogglePrivacyCommand to include new fields added. PersonCard updated to ensure privated fields cannot be seen. XMLAdaptedPerson updated to save Rating privacy Changes made to Rating Class to allow privacy setting","messageBody":"","fileTypesAndContributionMap":{"code":{"insertions":80,"deletions":5},"tests":{"insertions":1,"deletions":0}}},{"hash":"77d6a09aabd0c4ff7206341f926afa8b7e7964d0","isMergeCommit":true,"messageTitle":"Merge branch \u0027master\u0027 of https://github.com/CS2103JAN2018-F14-B1/main","messageBody":"","fileTypesAndContributionMap":{}},{"hash":"700aef2b81a0a5ac8df9b9af7f27b7b55f8d6a1b","isMergeCommit":true,"messageTitle":"Merge branch \u0027master\u0027 of https://github.com/lohtianwei/main into security_feature_privateField","messageBody":"# Conflicts:\n#\tsrc/main/java/seedu/address/ui/PersonCard.java\n","fileTypesAndContributionMap":{}},{"hash":"e78b54c2e63826714795cc9b31d1cc02368aa427","isMergeCommit":false,"messageTitle":"no message","messageBody":"","fileTypesAndContributionMap":{"code":{"insertions":0,"deletions":3}}},{"hash":"0652617c03d5bf99ef04b79346ea23b7ecee15df","isMergeCommit":false,"messageTitle":"Resolve conflicts","messageBody":"","fileTypesAndContributionMap":{"code":{"insertions":0,"deletions":4}}}]},{"date":"2018-04-05","commitResults":[{"hash":"6be5cc5d0d0995d2905f3d3081822018ca64e440","isMergeCommit":false,"messageTitle":"Minor update to command usage","messageBody":"","fileTypesAndContributionMap":{"code":{"insertions":4,"deletions":0}}},{"hash":"27b85087afcf2000bd8f4cece8d6f445c2b5f7ee","isMergeCommit":false,"messageTitle":"Fix Checkstyle errors","messageBody":"","fileTypesAndContributionMap":{"code":{"insertions":44,"deletions":18}}},{"hash":"4550d779031456ab2cdc0488d7f907ee8492f152","isMergeCommit":false,"messageTitle":"Fix checkstyle","messageBody":"","fileTypesAndContributionMap":{"code":{"insertions":3,"deletions":1}}},{"hash":"6ffe0468a6f61777ba70aa594fada6a92148e4a6","isMergeCommit":false,"messageTitle":"Checkstyle","messageBody":"","fileTypesAndContributionMap":{"code":{"insertions":5,"deletions":3}}},{"hash":"3debb89f556207d50fbede51b22b2dae534d29ed","isMergeCommit":false,"messageTitle":"Checkstyle yet again","messageBody":"","fileTypesAndContributionMap":{"tests":{"insertions":7,"deletions":0}}},{"hash":"1641c4cfbca2f27306860ca65a9a557f4829fffd","isMergeCommit":true,"messageTitle":"Merge pull request #113 from lohtianwei/security_feature_privateField","messageBody":"Toggle Privacy for fields","fileTypesAndContributionMap":{}},{"hash":"3a28cab3f00ed710d0d2aa17302c5c68f3c8fc9c","isMergeCommit":false,"messageTitle":"Updated sort command to include fields: JerseyNum, Position and Rating. Updated sort command to exclude field: Phone","messageBody":"","fileTypesAndContributionMap":{"code":{"insertions":28,"deletions":5}}},{"hash":"368b06813203f6397e61216683271efe50da7b63","isMergeCommit":false,"messageTitle":"Removed outdated test case","messageBody":"","fileTypesAndContributionMap":{"tests":{"insertions":2,"deletions":18}}},{"hash":"753906a6ec5cf8c73a87e1dab7cc7d08a9dada60","isMergeCommit":true,"messageTitle":"Merge pull request #114 from lohtianwei/sort_update","messageBody":"Updated sort command to include fields","fileTypesAndContributionMap":{}},{"hash":"f8a1fdf20370da4d03c39ad19481ad435609f4aa","isMergeCommit":false,"messageTitle":"Anotonate for collate","messageBody":"","fileTypesAndContributionMap":{"code":{"insertions":11,"deletions":1},"tests":{"insertions":4,"deletions":1}}},{"hash":"dde311b5e18a221ce2a18d687ba7ebb916945e4b","isMergeCommit":true,"messageTitle":"Merge pull request #119 from lohtianwei/collate_v1.5","messageBody":"Collate v1.5","fileTypesAndContributionMap":{}},{"hash":"83a70cd045b36bdd877b0c8f38af877518670850","isMergeCommit":true,"messageTitle":"Merge pull request #121 from lohtianwei/update_ug_1.4","messageBody":"v1.4 Update UG ","fileTypesAndContributionMap":{}}]},{"date":"2018-04-10","commitResults":[{"hash":"4fe9716a6d09ec1794c7d5e93e7c32e506e88fbe","isMergeCommit":false,"messageTitle":"Added Key Command. Toggles between locking and unlocking of the MTM. In a locked state, MTM has limited functionality: Change Theme, Find, List, Key, View, Exit, Help, Sort. Unlocked state has full functionality.","messageBody":"","fileTypesAndContributionMap":{"code":{"insertions":205,"deletions":30},"tests":{"insertions":81,"deletions":42}}},{"hash":"d3561646c124d32f19bf68f052279407767fc25a","isMergeCommit":false,"messageTitle":"Edited Key command to show current lock state when no password is entered","messageBody":"","fileTypesAndContributionMap":{"code":{"insertions":14,"deletions":3}}},{"hash":"c4e606b177e85be9207aa8e5085aa08308aa0ca2","isMergeCommit":false,"messageTitle":"Checkstyles","messageBody":"","fileTypesAndContributionMap":{"code":{"insertions":4,"deletions":5}}},{"hash":"2d8d475bee1404af52c0572422a7cdb32bec0b8b","isMergeCommit":false,"messageTitle":"Checkstyle again","messageBody":"","fileTypesAndContributionMap":{"code":{"insertions":3,"deletions":0}}},{"hash":"a10d1066dc3de1db7cd8d3dd1798b6c6584de9a6","isMergeCommit":false,"messageTitle":"Checkstyle luvit","messageBody":"","fileTypesAndContributionMap":{"tests":{"insertions":23,"deletions":0}}},{"hash":"ad2368505dbe46e7227b9a35472cefadf3213afd","isMergeCommit":true,"messageTitle":"Merge pull request #171 from lohtianwei/lock_unlock_feature","messageBody":"Lock Unlock Feature","fileTypesAndContributionMap":{}}]},{"date":"2018-04-12","commitResults":[{"hash":"9bac3d804dfe44dfa4e2501564c56dfd92faec97","isMergeCommit":true,"messageTitle":"Merge branch \u0027master\u0027 into UG_update_1.5rc","messageBody":"","fileTypesAndContributionMap":{}},{"hash":"547828b327324784581897b933e477227a972789","isMergeCommit":false,"messageTitle":"Collate, PPP","messageBody":"","fileTypesAndContributionMap":{"code":{"insertions":1,"deletions":0}}}]},{"date":"2018-04-13","commitResults":[{"hash":"e194b3980139cd66cd9bb22d5934cd74a75fc07f","isMergeCommit":false,"messageTitle":"Minor edit to Key command message success to show current lock state","messageBody":"","fileTypesAndContributionMap":{"code":{"insertions":2,"deletions":1}}},{"hash":"2a14f88387cb3da57541084f9a8ddec8817e0b4a","isMergeCommit":false,"messageTitle":"Minor edit to sort function: When sorting, private fields will all be place together","messageBody":"","fileTypesAndContributionMap":{"code":{"insertions":3,"deletions":3}}},{"hash":"dff0632ae1549a66179874d42537461349ae19db","isMergeCommit":false,"messageTitle":"Minor edit to sort command to show correct usage for sorting in descending order","messageBody":"","fileTypesAndContributionMap":{"code":{"insertions":1,"deletions":0}}},{"hash":"08603d466ab8eff0f2f62b10558210e1372cf7a6","isMergeCommit":false,"messageTitle":"Edit toggle privacy command to handle no prefix input","messageBody":"","fileTypesAndContributionMap":{"code":{"insertions":12,"deletions":0}}},{"hash":"1392332abce54868138114b632f72e213db45f52","isMergeCommit":false,"messageTitle":"Test cases for Key and Toggle Privacy and their respective command parsers","messageBody":"","fileTypesAndContributionMap":{"tests":{"insertions":272,"deletions":0}}},{"hash":"d3342cf9fcdcb0770215f09665a695885caf5e0c","isMergeCommit":false,"messageTitle":"Added javadoc to a method in Toggle Privacy","messageBody":"","fileTypesAndContributionMap":{"code":{"insertions":4,"deletions":0}}},{"hash":"b07411fb021c74750f37ea8a2b6a9e2e821b0d77","isMergeCommit":false,"messageTitle":"Checkstyle","messageBody":"","fileTypesAndContributionMap":{"tests":{"insertions":6,"deletions":1}}}]},{"date":"2018-04-14","commitResults":[{"hash":"a651d24bcbee475938f541c76f4ddf3957d9ccfd","isMergeCommit":true,"messageTitle":"Merge pull request #197 from lohtianwei/DG_UG_Diagrams_Update","messageBody":"[Tests][Documentations]","fileTypesAndContributionMap":{}}]}],"codeeong":[{"date":"2018-03-06","commitResults":[{"hash":"876e38d87523be06f3e0b6dbe063431a3f7cb74e","isMergeCommit":false,"messageTitle":"UI change tag color","messageBody":"","fileTypesAndContributionMap":{"code":{"insertions":23,"deletions":1},"tests":{"insertions":65,"deletions":3}}},{"hash":"4a5af1f33809d7b56e529fa161faf638649ae7fe","isMergeCommit":false,"messageTitle":"PersonCard.java : change indentation","messageBody":"","fileTypesAndContributionMap":{"code":{"insertions":10,"deletions":10}}},{"hash":"1018044e372f49648530e1e18a44fcd0386809bb","isMergeCommit":false,"messageTitle":"UI Change : to pass tests","messageBody":"","fileTypesAndContributionMap":{"tests":{"insertions":1,"deletions":1}}}]},{"date":"2018-03-08","commitResults":[{"hash":"29b0282175811ab6626633735bff47ce22230f41","isMergeCommit":false,"messageTitle":"added newlines","messageBody":"","fileTypesAndContributionMap":{"code":{"insertions":1,"deletions":1},"tests":{"insertions":3,"deletions":2}}}]},{"date":"2018-03-09","commitResults":[{"hash":"9977364558e6a3a34f91a28346ef620ea6908136","isMergeCommit":false,"messageTitle":"change indentation","messageBody":"","fileTypesAndContributionMap":{"code":{"insertions":1,"deletions":2}}},{"hash":"0101b0c699395efe25d041790357cdecac0bf6f3","isMergeCommit":false,"messageTitle":"change indentation 2.0","messageBody":"","fileTypesAndContributionMap":{"code":{"insertions":2,"deletions":1}}},{"hash":"4c339ec00ad957d49507456d15a71ddd6b3cc4e9","isMergeCommit":false,"messageTitle":"indent","messageBody":"","fileTypesAndContributionMap":{"tests":{"insertions":16,"deletions":16}}}]},{"date":"2018-03-14","commitResults":[{"hash":"b0a6978fddb4d0b1b2adcd91d9cda0e752a0cc90","isMergeCommit":false,"messageTitle":"codee v1.1 minor enhancement - set colour of tag","messageBody":"","fileTypesAndContributionMap":{"code":{"insertions":195,"deletions":25},"tests":{"insertions":10,"deletions":0}}}]},{"date":"2018-03-15","commitResults":[{"hash":"528592114dd1420c256539d8dd065dbcda5909c5","isMergeCommit":false,"messageTitle":"blue-teal default colour","messageBody":"","fileTypesAndContributionMap":{"code":{"insertions":1,"deletions":1}}},{"hash":"e1f19e270a61bfeba687bae278723d6e8e9522d1","isMergeCommit":false,"messageTitle":"add SetCommadTest","messageBody":"","fileTypesAndContributionMap":{"code":{"insertions":59,"deletions":20},"tests":{"insertions":94,"deletions":5}}}]},{"date":"2018-03-16","commitResults":[{"hash":"4f9ee6fde76b3690698d6d6e8ef6a508dfbc766c","isMergeCommit":false,"messageTitle":"codee - set tag colour","messageBody":"","fileTypesAndContributionMap":{"code":{"insertions":0,"deletions":18},"tests":{"insertions":6,"deletions":6}}},{"hash":"6fd8313574ef7d44037dc3b4e0a6fa3461de5a2c","isMergeCommit":false,"messageTitle":"change indentation and checkstyle errors","messageBody":"","fileTypesAndContributionMap":{"code":{"insertions":22,"deletions":8}}},{"hash":"1d6978befa4c8700dd14a5e5539819ad9e1191bb","isMergeCommit":false,"messageTitle":"add setcommand","messageBody":"","fileTypesAndContributionMap":{"code":{"insertions":1,"deletions":0}}},{"hash":"e3c84e54d011c337c01b0bb268a90c9006801ba9","isMergeCommit":false,"messageTitle":"checkstyle","messageBody":"","fileTypesAndContributionMap":{"tests":{"insertions":2,"deletions":11}}},{"hash":"f2bf2585b4d096cf6636d60ece8226ef1f6ceab9","isMergeCommit":false,"messageTitle":"add TagTests","messageBody":"","fileTypesAndContributionMap":{"tests":{"insertions":13,"deletions":1}}},{"hash":"5d7ac4e10e0da5f3918be9e706d41968e5374623","isMergeCommit":false,"messageTitle":"add set tag colour to storage","messageBody":"","fileTypesAndContributionMap":{"code":{"insertions":19,"deletions":1},"tests":{"insertions":8,"deletions":0}}}]},{"date":"2018-03-19","commitResults":[{"hash":"c8234d245e7020cb4fe2ec31510ea8dfffe216f8","isMergeCommit":true,"messageTitle":"Merge branch \u0027master\u0027 of https://github.com/CS2103JAN2018-F14-B1/main into v1.1-chose-color-tag","messageBody":"","fileTypesAndContributionMap":{}}]},{"date":"2018-03-20","commitResults":[{"hash":"2e13d3e60dfc3dd981ab794fe9e8f0429e5016f4","isMergeCommit":false,"messageTitle":"checkstyle","messageBody":"","fileTypesAndContributionMap":{"code":{"insertions":0,"deletions":1}}}]},{"date":"2018-03-21","commitResults":[{"hash":"d3fbded779ed1d8877f1434691758d6d5173f857","isMergeCommit":false,"messageTitle":"more checkstyle changes to setcommandTest","messageBody":"","fileTypesAndContributionMap":{"tests":{"insertions":5,"deletions":1}}},{"hash":"bdf66e5c806d0bc9cf8d378a84213ec45d75ca31","isMergeCommit":false,"messageTitle":"swap import","messageBody":"","fileTypesAndContributionMap":{"tests":{"insertions":5,"deletions":2}}},{"hash":"9965de733e8f44a5af29a6fd651f32e031599ef5","isMergeCommit":true,"messageTitle":"Merge pull request #66 from codeeong/v1.1-chose-color-tag","messageBody":"V1.1 choose color tag","fileTypesAndContributionMap":{}},{"hash":"c3a3a0ed2deff6595bd5df86cb01bf9b244206dd","isMergeCommit":false,"messageTitle":"make sure all tests pass","messageBody":"","fileTypesAndContributionMap":{"code":{"insertions":3,"deletions":2}}},{"hash":"28e737b35db0409b3d43f4ea517866da88ade379","isMergeCommit":false,"messageTitle":"change browser panel to player details panel and add team panel","messageBody":"","fileTypesAndContributionMap":{"code":{"insertions":115,"deletions":84},"tests":{"insertions":0,"deletions":4}}},{"hash":"d37c9b231319c68ec918ed1104301799b1189d17","isMergeCommit":true,"messageTitle":"Merge branch \u0027master\u0027 of https://github.com/CS2103JAN2018-F14-B1/main into v1.2-DG","messageBody":"","fileTypesAndContributionMap":{}}]},{"date":"2018-03-22","commitResults":[{"hash":"53ca8f2d8b5cc639b32dfd2a01560604214a053d","isMergeCommit":false,"messageTitle":"change tests for UI changes","messageBody":"","fileTypesAndContributionMap":{"tests":{"insertions":7,"deletions":151}}},{"hash":"ab6edb053c98489bab46283f4e929333dc0d8635","isMergeCommit":false,"messageTitle":"checkstyle errors","messageBody":"","fileTypesAndContributionMap":{"code":{"insertions":1,"deletions":3}}},{"hash":"6cb61b8872bb937ea6c50462a6d9b161bb6636f5","isMergeCommit":true,"messageTitle":"Merge branch \u0027master\u0027 into v1.2-UI","messageBody":"","fileTypesAndContributionMap":{}},{"hash":"2452dc105e79db6ba50bb7956978dce7eb1f6eab","isMergeCommit":false,"messageTitle":"more checkstyle","messageBody":"","fileTypesAndContributionMap":{"tests":{"insertions":3,"deletions":6}}},{"hash":"66417ed7d8197be1e5b8ea677b63ee86f1fbc900","isMergeCommit":true,"messageTitle":"Merge branch \u0027master\u0027 of https://github.com/CS2103JAN2018-F14-B1/main into v1.2-UI","messageBody":"# Conflicts:\n#\tsrc/test/data/XmlSerializableAddressBookTest/typicalPersonsAddressBook.xml\n","fileTypesAndContributionMap":{}},{"hash":"5e4192bc6ecec27c801d1490a76777fac8bc161f","isMergeCommit":true,"messageTitle":"Merge branch \u0027v1.2-UI\u0027 of https://github.com/codeeong/main into v1.2-UI","messageBody":"","fileTypesAndContributionMap":{}},{"hash":"53542d4c0fc800396075cb6cea3c681b5a79af7e","isMergeCommit":true,"messageTitle":"Merge pull request #80 from codeeong/v1.2-UI","messageBody":"V1.2 add team placeholder with stubs and replace web browser with person details (also stub)","fileTypesAndContributionMap":{}},{"hash":"3d118ebb817547e8a251b3f2d22d6c180b8aca8d","isMergeCommit":true,"messageTitle":"Merge pull request #81 from codeeong/v1.2-DG","messageBody":"V1.2 DG - update implementation section","fileTypesAndContributionMap":{}}]},{"date":"2018-03-23","commitResults":[{"hash":"94d1d8d251cc7bbe350451f6e4eb865e31d3f83e","isMergeCommit":false,"messageTitle":"change logo and software title","messageBody":"","fileTypesAndContributionMap":{"code":{"insertions":2,"deletions":2},"tests":{"insertions":1,"deletions":1}}},{"hash":"abea5fd0859c3ec1460673bd8542cb523b638f3a","isMergeCommit":false,"messageTitle":"ui","messageBody":"","fileTypesAndContributionMap":{"code":{"insertions":0,"deletions":13}}}]},{"date":"2018-03-26","commitResults":[{"hash":"7d59746d12303a4b0b919806eb709c85f67cc5f9","isMergeCommit":true,"messageTitle":"Merge branch \u0027master\u0027 of https://github.com/CS2103JAN2018-F14-B1/main into v1.3-UI","messageBody":"","fileTypesAndContributionMap":{}}]},{"date":"2018-03-28","commitResults":[{"hash":"7c79b2f86ea55407fb18bb0fded1ca3d9fd8539d","isMergeCommit":false,"messageTitle":"add XmlAdaptedTeam.java for team to be added and saved to storage","messageBody":"","fileTypesAndContributionMap":{"code":{"insertions":85,"deletions":6}}},{"hash":"2f7ee8725ee7013582527fce5de0b749eb733767","isMergeCommit":false,"messageTitle":"change tests to accommodate team (**in progress, will not pass build tests)","messageBody":"","fileTypesAndContributionMap":{"code":{"insertions":7,"deletions":0},"tests":{"insertions":1,"deletions":1}}},{"hash":"dd5d18d2a798e719c7e5d56342b76f7a665c411d","isMergeCommit":false,"messageTitle":"link create team to ui","messageBody":"","fileTypesAndContributionMap":{"code":{"insertions":37,"deletions":15}}},{"hash":"ef2545a84f4f99922b2ed36669baf156a9bffe91","isMergeCommit":false,"messageTitle":"remove unused import","messageBody":"","fileTypesAndContributionMap":{"code":{"insertions":0,"deletions":1}}},{"hash":"cde2c77ca9eac7682a873c4368e0fb771dbccc65","isMergeCommit":true,"messageTitle":"Merge branch \u0027master\u0027 into v1.3-UI","messageBody":"","fileTypesAndContributionMap":{}},{"hash":"b2f1b8394de9ab40eb23c70bec7ba14b657e4eb3","isMergeCommit":true,"messageTitle":"Merge pull request #89 from codeeong/v1.3-UI","messageBody":"V1.3 change theme of MTM","fileTypesAndContributionMap":{}},{"hash":"a875b79d18585c9ba485b166ac0842e8e4a5bfb2","isMergeCommit":true,"messageTitle":"Merge branch \u0027master\u0027 into v1.3-link-team-to-teambar","messageBody":"","fileTypesAndContributionMap":{}},{"hash":"95b7a81a3f44799366a1717836744b7a38ca96db","isMergeCommit":false,"messageTitle":"set spacing between team names","messageBody":"","fileTypesAndContributionMap":{"code":{"insertions":3,"deletions":1}}}]},{"date":"2018-03-30","commitResults":[{"hash":"5e8185978b0bbf6040025d45e7e3645af3aac1fc","isMergeCommit":false,"messageTitle":"change colours of team name","messageBody":"","fileTypesAndContributionMap":{"code":{"insertions":1,"deletions":2}}},{"hash":"2cafd0e6cd3284d26fc47765e78908b39253849c","isMergeCommit":true,"messageTitle":"Merge pull request #94 from lithiumlkid/add_player","messageBody":" Morph/Enhanced person object to have more fields: rating, position, and jersey number","fileTypesAndContributionMap":{}},{"hash":"07777a0110b0fcc9a2eb2d67eb25cf568731e140","isMergeCommit":true,"messageTitle":"Merge pull request #90 from jordancjq/team_implementation","messageBody":"Add AssignCommand without test","tags":["v1.3"],"fileTypesAndContributionMap":{}},{"hash":"8a5a8dbb1aef3486661c0e3d7734ddc3327c29e0","isMergeCommit":true,"messageTitle":"Merge branch \u0027master\u0027 into v1.3-link-team-to-teambar","messageBody":"# Conflicts:\n#\tsrc/main/java/seedu/address/storage/XmlAdaptedTeam.java\n#\tsrc/main/java/seedu/address/storage/XmlSerializableAddressBook.java\n#\tsrc/test/data/XmlUtilTest/validAddressBook.xml\n","fileTypesAndContributionMap":{}},{"hash":"911593eb3e8d6ce9c55ecc6aa7eade6e8083c460","isMergeCommit":false,"messageTitle":"adding tests in progress","messageBody":"","fileTypesAndContributionMap":{"tests":{"insertions":12,"deletions":0}}},{"hash":"4c66babd667551737ae6c90b1f697b7e244c1d30","isMergeCommit":false,"messageTitle":"adding tests in progress","messageBody":"","fileTypesAndContributionMap":{"code":{"insertions":24,"deletions":5},"tests":{"insertions":71,"deletions":3}}},{"hash":"3b69786e861b4dde8175a3016fe457d49fc02010","isMergeCommit":false,"messageTitle":"git tag added for release","messageBody":"","fileTypesAndContributionMap":{"code":{"insertions":1,"deletions":1}}},{"hash":"1909128bb74d559342771238f56c54013d6dda11","isMergeCommit":false,"messageTitle":"add TeamDisplay tests","messageBody":"","fileTypesAndContributionMap":{"code":{"insertions":0,"deletions":4},"tests":{"insertions":55,"deletions":7}}},{"hash":"e2de6584f1a68e019da59ca01bcd381b7986ce63","isMergeCommit":true,"messageTitle":"Merge pull request #97 from codeeong/v1.3-UGDG","messageBody":"changed version number in DG","fileTypesAndContributionMap":{}},{"hash":"826d51bcaa82d19a452bd71139e5286bdfa3f001","isMergeCommit":false,"messageTitle":"checkstyle errors","messageBody":"","fileTypesAndContributionMap":{"code":{"insertions":4,"deletions":5}}},{"hash":"10f6c45efa6ed592bf8daa103e2258d6496b7c88","isMergeCommit":true,"messageTitle":"Merge branch \u0027master\u0027 of https://github.com/CS2103JAN2018-F14-B1/main into v1.3-link-team-to-teambar","messageBody":"","fileTypesAndContributionMap":{}},{"hash":"5e908f146c72fa75e141367d620c2a05043249ea","isMergeCommit":false,"messageTitle":"fix checkstyle errors","messageBody":"","fileTypesAndContributionMap":{"tests":{"insertions":11,"deletions":7}}}]},{"date":"2018-03-31","commitResults":[{"hash":"2db659e95be2204dadb05fa3d80b9deaab6470cb","isMergeCommit":false,"messageTitle":"changes after revieww","messageBody":"","fileTypesAndContributionMap":{"code":{"insertions":0,"deletions":9}}},{"hash":"b58131394b3b5695fe3a6502bb8b19fd13b604a2","isMergeCommit":true,"messageTitle":"Merge pull request #88 from codeeong/v1.3-link-team-to-teambar","messageBody":"link team display bar to the logic component and storage","fileTypesAndContributionMap":{}},{"hash":"8f4fdda2acc52936918f7d1b50750543d259428d","isMergeCommit":true,"messageTitle":"Merge pull request #95 from jordancjq/team_implementation","messageBody":"Add ViewCommand without logic","fileTypesAndContributionMap":{}}]},{"date":"2018-04-01","commitResults":[{"hash":"45efc712fc1e51f9d41e40eb3871724bbc0bb66b","isMergeCommit":false,"messageTitle":"change colour event","messageBody":"","fileTypesAndContributionMap":{"code":{"insertions":138,"deletions":21},"tests":{"insertions":35,"deletions":8}}}]},{"date":"2018-04-02","commitResults":[{"hash":"9296910d075ad19fdf32ef9ffbc448195fb95383","isMergeCommit":false,"messageTitle":"add deselectteamevent","messageBody":"","fileTypesAndContributionMap":{"code":{"insertions":49,"deletions":3}}},{"hash":"e2e9dfaa92a6e7fea71e4c458299c6dfeba9e3e6","isMergeCommit":false,"messageTitle":"checkstyle","messageBody":"","fileTypesAndContributionMap":{"code":{"insertions":0,"deletions":3},"tests":{"insertions":3,"deletions":5}}},{"hash":"7e23e1c9b5399e0d72245ca2b18a931e8a7d82d3","isMergeCommit":true,"messageTitle":"Merge pull request #104 from codeeong/v1.4-event-handling","messageBody":"v1.4 add event handlers for tag colour, view team and create new team","fileTypesAndContributionMap":{}}]},{"date":"2018-04-04","commitResults":[{"hash":"8aa58eebbb221f7100446a854b24a58bf61aced9","isMergeCommit":false,"messageTitle":"change tests for new player details panel","messageBody":"","fileTypesAndContributionMap":{"code":{"insertions":7,"deletions":17},"tests":{"insertions":22,"deletions":29}}},{"hash":"b9517bf97355321805b1400b1bf95ab3ca2e7634","isMergeCommit":true,"messageTitle":"Merge branch \u0027master\u0027 into 1.4-player-details","messageBody":"* master:\n  Include preface for coming soon features\n  Include preface of command summary\n  Update UserGuide and format\n","fileTypesAndContributionMap":{}}]},{"date":"2018-04-05","commitResults":[{"hash":"e8c26e318450c58a8fed23ad69431b91b0b3109e","isMergeCommit":false,"messageTitle":"add light theme","messageBody":"","fileTypesAndContributionMap":{"code":{"insertions":12,"deletions":2},"tests":{"insertions":2,"deletions":1}}},{"hash":"5a841951bcb6353a960f3f40b4eb1ac28278c444","isMergeCommit":false,"messageTitle":"collation of code into collate/Codee.md","messageBody":"","fileTypesAndContributionMap":{"code":{"insertions":29,"deletions":6},"tests":{"insertions":72,"deletions":0}}},{"hash":"4253f3af0bac048f8a3ec1098b15c8a034863ffa","isMergeCommit":false,"messageTitle":"checkstyle + add setcommandparsertest","messageBody":"","fileTypesAndContributionMap":{"code":{"insertions":0,"deletions":3},"tests":{"insertions":8,"deletions":6}}},{"hash":"34fcfe76e51713307830bfeeb4a641ecd56e9fba","isMergeCommit":true,"messageTitle":"Merge branch \u0027master\u0027 into 1.4-player-details","messageBody":"* master:\n  Checkstyle yet again\n  Checkstyle\n  Fix checkstyle\n  Fix Checkstyle errors\n  Minor update to command usage\n  Resolve conflicts\n  no message\n  Updated TogglePrivacyCommand to include new fields added. PersonCard updated to ensure privated fields cannot be seen. XMLAdaptedPerson updated to save Rating privacy Changes made to Rating Class to allow privacy setting\n  Remove product survey\n  Update feature contribution\n  AboutUs: Update with latest feature contribution\n  Update acknowledgement for Logo\n  Update with header for intro and align center image\n  Add MTM Logo\n  Minor update to UI portion PlayerDetails to ensure private fields are not displayed in side panel\n  Minor update to UI portion Person Card to ensure private fields do not show plaintext in panel list\n  Minor change to xmladapated person for toggle privacy function to save permanently\n  Minor updates to Toggleprivacy. Privacy toggles and changes in addressbook.xml but display still shows plaintext\n  Toggle Privacy Command for fields. Not fully working yet.\n\n# Conflicts:\n#\tsrc/main/java/seedu/address/ui/PersonCard.java\n#\tsrc/main/java/seedu/address/ui/PlayerDetails.java\n","fileTypesAndContributionMap":{}},{"hash":"945732b612004720468ac1d8c79d2b3502c0db0c","isMergeCommit":false,"messageTitle":"checkstyle","messageBody":"","fileTypesAndContributionMap":{"tests":{"insertions":14,"deletions":5}}},{"hash":"a22b612509652edfb35cc93a00ebc72e7a9ac1e0","isMergeCommit":true,"messageTitle":"Merge pull request #116 from codeeong/1.4-player-details","messageBody":"v1.4 player details panel","fileTypesAndContributionMap":{}},{"hash":"d88656572d1f2e4855b2dc1e6bd382210d1c9fc6","isMergeCommit":true,"messageTitle":"Merge pull request #115 from codeeong/v1.5-collation","messageBody":"V1.4 collation of code","fileTypesAndContributionMap":{}},{"hash":"eaced52ea0c4e6c96235de021d2c63f02c35627e","isMergeCommit":true,"messageTitle":"Merge branch \u0027master\u0027 into 1.4-UGDG","messageBody":"* master:\n  checkstyle\n  Removed outdated test case\n  checkstyle + add setcommandparsertest\n  collation of code into collate/Codee.md\n  Updated sort command to include fields: JerseyNum, Position and Rating. Updated sort command to exclude field: Phone\n  change tests for new player details panel\n","fileTypesAndContributionMap":{}},{"hash":"f92a71dc9b9889f1c4bed926075ef2455048ac97","isMergeCommit":true,"messageTitle":"Merge branch \u0027master\u0027 into v1.5-change-theme","messageBody":"* master: (25 commits)\n  checkstyle\n  Removed outdated test case\n  checkstyle + add setcommandparsertest\n  collation of code into collate/Codee.md\n  Updated sort command to include fields: JerseyNum, Position and Rating. Updated sort command to exclude field: Phone\n  Checkstyle yet again\n  Checkstyle\n  Fix checkstyle\n  Fix Checkstyle errors\n  Minor update to command usage\n  Resolve conflicts\n  no message\n  Updated TogglePrivacyCommand to include new fields added. PersonCard updated to ensure privated fields cannot be seen. XMLAdaptedPerson updated to save Rating privacy Changes made to Rating Class to allow privacy setting\n  change tests for new player details panel\n  Remove product survey\n  Update feature contribution\n  AboutUs: Update with latest feature contribution\n  Update acknowledgement for Logo\n  Update with header for intro and align center image\n  Add MTM Logo\n  ...\n","fileTypesAndContributionMap":{}}]},{"date":"2018-04-06","commitResults":[{"hash":"ac2fdc691d9decf6a1a7e08fdd8f5dbc853ce259","isMergeCommit":false,"messageTitle":"checkstyle","messageBody":"","fileTypesAndContributionMap":{"code":{"insertions":137,"deletions":3},"tests":{"insertions":135,"deletions":2}}},{"hash":"d7f3795ba12ed434ef6ec7af01e1385a048e383e","isMergeCommit":true,"messageTitle":"Merge branch \u0027master\u0027 into 1.4-UGDG","messageBody":"* master: (25 commits)\n  Format and add information to UserGuide and ReadMe\n  Collate: Include jordancjq collated files\n  Update: removeTeam test case\n  Test: Add AssignCommandTest\n  Test: Add ViewCommand test\n  Fix: unreported exception DuplicateTeamException for renameTeam\n  Userguide: Updated Sort feature and Toggle Privacy Feature\n  Collate. I hope i didnt mess up the collate LOL\n  Anotonate for collate\n  Fix: Checkstyle error\n  Update logic of rename command\n  Test: Update RenameCommandTest to test renaming into an existing team\n  Test: Add RenameCommandTest\n  Update RemoveCommandTest to remove non existing team\n  Test: Add RemoveCommandTest\n  Add reused tag to remark component\n  Add end of author tag\n  Add collate signature\n  Test: Update model stub in AddCommandTest\n  Add rename team command, update team deselection for add and edit\n  ...\n","fileTypesAndContributionMap":{}},{"hash":"ff0b81d21e871524660aab10f4dd3c8a5fa5c39d","isMergeCommit":false,"messageTitle":"add to user guide + change name of app","messageBody":"","fileTypesAndContributionMap":{"code":{"insertions":28,"deletions":13},"tests":{"insertions":6,"deletions":9}}},{"hash":"4cfa354448db18ce8244b3430243074d5f41d9cd","isMergeCommit":true,"messageTitle":"Merge pull request #120 from codeeong/1.4-UGDG","messageBody":"v1.4 change App name","fileTypesAndContributionMap":{}},{"hash":"3f3666ddef3ea3ec5a9fd500149d3e54c4e33f78","isMergeCommit":true,"messageTitle":"Merge branch \u0027master\u0027 into documentationAndCollate","messageBody":"","fileTypesAndContributionMap":{}},{"hash":"fb8142d113089e76c828054e43821c42e963b1e4","isMergeCommit":true,"messageTitle":"Merge pull request #122 from lithiumlkid/add_player_pic","messageBody":"Add avatar attribute and gui","fileTypesAndContributionMap":{}},{"hash":"cf02f095560123b5fb7f31948ddfeedd0df3bacd","isMergeCommit":true,"messageTitle":"Merge branch \u0027master\u0027 into v1.5-change-theme","messageBody":"* master: (54 commits)\n  Update format\n  Update Github view of 3.Features\n  disabled test\n  UserGuide: Update according for v1.4\n  add to user guide + change name of app\n  fix\n  added placeholder pic to test\n  Added test\n  Attempt to fix out of memory\n  DG\n  Format and add information to UserGuide and ReadMe\n  Collate: Include jordancjq collated files\n  Update: removeTeam test case\n  Test: Add AssignCommandTest\n  Test: Add ViewCommand test\n  increase java mem size\n  change appveyor\n  Fix: unreported exception DuplicateTeamException for renameTeam\n  fix checkstyle\n  Fix person constructor in TogglePrivacyCommand\n  ...\n\n# Conflicts:\n#\tsrc/main/java/seedu/address/model/UserPrefs.java\n","fileTypesAndContributionMap":{}},{"hash":"5e91e747c151e32c7c4afc7d7f5eb260ebe69020","isMergeCommit":false,"messageTitle":"add toggle privacy event handling","messageBody":"","fileTypesAndContributionMap":{"code":{"insertions":44,"deletions":0}}}]},{"date":"2018-04-07","commitResults":[{"hash":"a146f9f6fe7c61a98f1d66a779550c3532fd86ab","isMergeCommit":false,"messageTitle":"event handler for remarks","messageBody":"","fileTypesAndContributionMap":{"code":{"insertions":17,"deletions":15}}},{"hash":"4cefb7f483aff3fa751fab7e902bba0be6b29f8a","isMergeCommit":false,"messageTitle":"add ChangeTheme Command and tests, with change in user guide","messageBody":"","fileTypesAndContributionMap":{"code":{"insertions":7,"deletions":2}}},{"hash":"80f4d9f4ecb66e08b43c37e776f6c3ef40935f7f","isMergeCommit":false,"messageTitle":"checkstyle","messageBody":"","fileTypesAndContributionMap":{"code":{"insertions":2,"deletions":3},"tests":{"insertions":1,"deletions":2}}},{"hash":"d9824798523dfed4ac2dfcb04c42cd9c600a311f","isMergeCommit":true,"messageTitle":"Merge pull request #138 from codeeong/v1.5-person-details-update","messageBody":"v1.5 event handler for remarks","fileTypesAndContributionMap":{}},{"hash":"40b5079213896f106d3eed83559351612d902a3e","isMergeCommit":true,"messageTitle":"Merge pull request #137 from codeeong/v1.5-change-theme","messageBody":"V1.5 change theme","fileTypesAndContributionMap":{}},{"hash":"e5e2e413a503ce583c7469c3b9456e94f795b322","isMergeCommit":false,"messageTitle":"add logo to UI and change logo","messageBody":"","fileTypesAndContributionMap":{"code":{"insertions":11,"deletions":0}}}]},{"date":"2018-04-09","commitResults":[{"hash":"23597ec59d52a6a18e2307fb76ad3edeb3d46f3f","isMergeCommit":true,"messageTitle":"Merge pull request #160 from codeeong/v1.5-add-logo","messageBody":"V1.5 add logo and change default window size","fileTypesAndContributionMap":{}},{"hash":"9a4aa4b2dc43b20e5e97d10264dfa5fd8ff0c3aa","isMergeCommit":false,"messageTitle":"fix avatar path problem","messageBody":"","fileTypesAndContributionMap":{"code":{"insertions":72,"deletions":9}}},{"hash":"b9367caeed8811c7594a7c9ae622664571714cd8","isMergeCommit":false,"messageTitle":"mem","messageBody":"","fileTypesAndContributionMap":{"code":{"insertions":4,"deletions":4},"tests":{"insertions":1,"deletions":1}}},{"hash":"ba4a4daa5caf5ee6c0eea92acc1d559021b0e210","isMergeCommit":true,"messageTitle":"Merge pull request #161 from codeeong/master","messageBody":"fix avatar path problem","fileTypesAndContributionMap":{}}]},{"date":"2018-04-10","commitResults":[{"hash":"a32b555ee3b10e3faf7569a732b269bef064b960","isMergeCommit":false,"messageTitle":"seq diagram for settag","messageBody":"","fileTypesAndContributionMap":{"code":{"insertions":2,"deletions":0}}},{"hash":"7a7441f95f78c9d3a9e38f411865b6c44a8613a2","isMergeCommit":true,"messageTitle":"Merge branch \u0027master\u0027 into v1.5-UGDG","messageBody":"* master:\n  mem\n  mem too full\n  fix avatar path problem\n  updated collation\n  change default size of window\n  add logo to UI and change logo\n","fileTypesAndContributionMap":{}},{"hash":"219c12b49bf5aa8ac6ed8523254cdce80cfdc19f","isMergeCommit":false,"messageTitle":"sampledata changed","messageBody":"","fileTypesAndContributionMap":{"code":{"insertions":1,"deletions":1}}},{"hash":"7a8f64a71ed60018d3944d4910d65a78816b0a10","isMergeCommit":false,"messageTitle":"event handler for edit","messageBody":"","fileTypesAndContributionMap":{"code":{"insertions":2,"deletions":0}}},{"hash":"9c5e3f21cd7e50732088069bf0a68a6cd5af7c8b","isMergeCommit":true,"messageTitle":"Merge pull request #162 from codeeong/v1.5-person-details-update","messageBody":"v1.5 fix bug event handler for edit -\u003e undo","fileTypesAndContributionMap":{}},{"hash":"a6edadc423383fa1b7f91eb6825a40f9384d1a04","isMergeCommit":false,"messageTitle":"edit command","messageBody":"","fileTypesAndContributionMap":{"code":{"insertions":31,"deletions":1}}},{"hash":"0f3fba4e6a376a97fc7b6fa862242f7daac1bd00","isMergeCommit":true,"messageTitle":"Merge pull request #164 from codeeong/v1.5-person-details-update","messageBody":"edit command","fileTypesAndContributionMap":{}},{"hash":"929b77f89446daff0c94c335744ca0d3c6e95b0e","isMergeCommit":true,"messageTitle":"Merge branch \u0027master\u0027 into v1.5-UGDG","messageBody":"* master:\n  edit command\n  event handler for edit\n","fileTypesAndContributionMap":{}},{"hash":"3412a2013488958283c62ff641a7fa966bbba0c0","isMergeCommit":false,"messageTitle":"fix select edit undo bug","messageBody":"","fileTypesAndContributionMap":{"code":{"insertions":17,"deletions":9},"tests":{"insertions":1,"deletions":0}}},{"hash":"9c2836361b2d8927afa4c0108511a95ce2ca425f","isMergeCommit":true,"messageTitle":"Merge pull request #165 from codeeong/v1.5-UGDG","messageBody":"V1.5 fix bugs","fileTypesAndContributionMap":{}},{"hash":"f2ac395b6012f5610b261aa8d0290cde2b432c5e","isMergeCommit":false,"messageTitle":"change sampleDataUtil","messageBody":"","fileTypesAndContributionMap":{"code":{"insertions":71,"deletions":5}}},{"hash":"6cfc25f0524c3e91e42083d747547f1ad00809c3","isMergeCommit":false,"messageTitle":"add author","messageBody":"","fileTypesAndContributionMap":{"code":{"insertions":4,"deletions":0}}},{"hash":"7fc4d7a6483b8528db75c27186b4ce10b5e522e2","isMergeCommit":true,"messageTitle":"Merge branch \u0027master\u0027 into v1.5rc-ppp","messageBody":"* master:\n  Checkstyle luvit\n  Checkstyle again\n  Checkstyles\n  Edited Key command to show current lock state when no password is entered\n  Fix: Checkstyle error, missing newline in UserGuide\n  remove johndoe from team\n  Added Key Command. Toggles between locking and unlocking of the MTM. In a locked state, MTM has limited functionality: Change Theme, Find, List, Key, View, Exit, Help, Sort. Unlocked state has full functionality.\n  ReadMe: remove logo acknowledgement\n  PPP: Update with major/minor enhancement, other contributions\n  Update collate information\n  add author\n  change sampleDataUtil\n  UserGuide: Update correct alias for view command\n  Update correct alias for view command\n  UserGuide: Update to reflect correct usage of add and edit command\n  Fix #149: Change prefix of team to tm/\n  Fix #139: Add result display when assigning players to team\n\n# Conflicts:\n#\tdocs/diagrams/SetTagCommandSequence.pptx\n#\tdocs/team/codeeong.adoc\n","fileTypesAndContributionMap":{}}]},{"date":"2018-04-11","commitResults":[{"hash":"840bcc29dde3b7025827fc3732b287cd3b5f2ae8","isMergeCommit":true,"messageTitle":"Merge pull request #178 from codeeong/v1.5rc-ppp","messageBody":"V1.5rc ppp","fileTypesAndContributionMap":{}}]},{"date":"2018-04-13","commitResults":[{"hash":"8d5928437d65b802329254f9b7883551dc5a9f80","isMergeCommit":true,"messageTitle":"Merge pull request #186 from codeeong/v1.5-dgug","messageBody":"printable PPP and dg edits","fileTypesAndContributionMap":{}},{"hash":"8bbfbefe8bd3ffdce825f9d7eaf91fff3dc49e41","isMergeCommit":true,"messageTitle":"Merge pull request #187 from codeeong/v1.5-dgug","messageBody":"PPP allow convert to pdf","fileTypesAndContributionMap":{}},{"hash":"d849139595b0cbfa0ae4b50d9accfcf4b49b079f","isMergeCommit":false,"messageTitle":"add event handlers for team display","messageBody":"","fileTypesAndContributionMap":{"code":{"insertions":13,"deletions":6}}},{"hash":"90173a14e3dea374a9fbdac064b8beac214d0b5e","isMergeCommit":false,"messageTitle":"add tests","messageBody":"","fileTypesAndContributionMap":{"tests":{"insertions":130,"deletions":0}}},{"hash":"315e7dc33f52de769806ee045110717fa8143b69","isMergeCommit":false,"messageTitle":"collation","messageBody":"","fileTypesAndContributionMap":{"tests":{"insertions":6,"deletions":0}}},{"hash":"a48dbc91300e160b7975500c90a19db0510a5287","isMergeCommit":true,"messageTitle":"Merge branch \u0027master\u0027 into v1.5-tests","messageBody":"","fileTypesAndContributionMap":{}},{"hash":"9ec2d66fba92299056460d55a293f598591a3c4e","isMergeCommit":false,"messageTitle":"found bug in edit and remark, changed UG","messageBody":"","fileTypesAndContributionMap":{"code":{"insertions":21,"deletions":8},"tests":{"insertions":6,"deletions":8}}},{"hash":"8a146d37634f71f186611ca614fd535fbf7c8031","isMergeCommit":true,"messageTitle":"Merge branch \u0027master\u0027 of https://github.com/CS2103JAN2018-F14-B1/main","messageBody":"* \u0027master\u0027 of https://github.com/CS2103JAN2018-F14-B1/main:\n  fix logic of rename so that it can be undoable\n  Added key and toggle to command trie\n","fileTypesAndContributionMap":{}},{"hash":"1282fbc9b3de17e73a194cf95d1f4a00f7d5b172","isMergeCommit":false,"messageTitle":"remove print statements","messageBody":"","fileTypesAndContributionMap":{"tests":{"insertions":0,"deletions":3}}},{"hash":"2741c8f538c1064c345c9145cc3bc4fce50b5d7b","isMergeCommit":true,"messageTitle":"Merge pull request #196 from codeeong/master","messageBody":"v1.5 fix bugs in edit and remark command, edited tests","fileTypesAndContributionMap":{}}]},{"date":"2018-04-15","commitResults":[{"hash":"588963c9e80c35a765753837618b4b32b7aa11dc","isMergeCommit":false,"messageTitle":"add diagrams","messageBody":"","fileTypesAndContributionMap":{"code":{"insertions":1,"deletions":1}}},{"hash":"763ffae56a36d89018bc1949bd49a7a453721622","isMergeCommit":true,"messageTitle":"Merge pull request #209 from lithiumlkid/issue177","messageBody":"Issue177","fileTypesAndContributionMap":{}},{"hash":"e1dd4e97c25f647228cba9c3ebfcc9be08efa6ff","isMergeCommit":true,"messageTitle":"Merge pull request #207 from lithiumlkid/update_user_guide_15rc","messageBody":"Update user guide 15rc","fileTypesAndContributionMap":{}},{"hash":"b240303f5d476cd14abdf225cb259bb25239adb3","isMergeCommit":false,"messageTitle":"checkstyle","messageBody":"","fileTypesAndContributionMap":{"code":{"insertions":0,"deletions":1}}},{"hash":"606410b4373aee590bf80c90358d1586187dca12","isMergeCommit":false,"messageTitle":"bug","messageBody":"","fileTypesAndContributionMap":{"tests":{"insertions":2,"deletions":0}}},{"hash":"ef779ed4aa9677a16e728e981866e14ed4eb218d","isMergeCommit":true,"messageTitle":"Merge branch \u0027master\u0027 into v1.5-DGUG","messageBody":"","fileTypesAndContributionMap":{}},{"hash":"dae907234aa50bd11173dfb2d6cd702bf767c098","isMergeCommit":true,"messageTitle":"Merge branch \u0027master\u0027 of https://github.com/CS2103JAN2018-F14-B1/main into v1.5-DGUG","messageBody":"* \u0027master\u0027 of https://github.com/CS2103JAN2018-F14-B1/main:\n  remove aaron ramsey image\n  no message\n  add link from team class diagram to main design\n  update links to collate\n  update links to collate\n  Changed Readme\n  Update AboutUs.adoc\n  Change privacy and key information in fundamentals\n  Checkstyle\n  Fix issue #177\n  update ppp with formatting\n  remove listed sections from features arrangement\n  Remove line\n  no message\n\n# Conflicts:\n#\tdocs/DeveloperGuide.adoc\n","fileTypesAndContributionMap":{}},{"hash":"34b2df5737e17e2dfb5f18cb4de61d6f9cc44608","isMergeCommit":false,"messageTitle":"change the default theme","messageBody":"","fileTypesAndContributionMap":{"code":{"insertions":2,"deletions":2},"tests":{"insertions":1,"deletions":1}}}]}],"jordancjq":[]},"authorFileTypeContributionMap":{"lithiumlkid":{"code":0,"tests":0,"docs":0},"lohtianwei":{"code":1092,"tests":723,"docs":0},"codeeong":{"code":918,"tests":569,"docs":0},"jordancjq":{"code":0,"tests":0,"docs":0}},"authorContributionVariance":{"lithiumlkid":0.0,"lohtianwei":9808.918,"codeeong":8626.854,"jordancjq":0.0},"authorDisplayNameMap":{"lithiumlkid":"Ahm","lohtianwei":"Loh","codeeong":"Cod","jordancjq":"Jor"}}
