[{"path":".gitignore","fileType":"gitignore","lines":[{"lineNumber":1,"author":{"gitId":"skyblaise"},"content":"# These are some examples of commonly ignored file patterns.","isFullCredit":false},{"lineNumber":2,"author":{"gitId":"skyblaise"},"content":"# You should customize this list as applicable to your project.","isFullCredit":false},{"lineNumber":3,"author":{"gitId":"skyblaise"},"content":"# Learn more about .gitignore:","isFullCredit":false},{"lineNumber":4,"author":{"gitId":"skyblaise"},"content":"#     https://www.atlassian.com/git/tutorials/saving-changes/gitignore","isFullCredit":false},{"lineNumber":5,"author":{"gitId":"skyblaise"},"content":"","isFullCredit":false},{"lineNumber":6,"author":{"gitId":"skyblaise"},"content":"# Node artifact files","isFullCredit":false},{"lineNumber":7,"author":{"gitId":"skyblaise"},"content":"node_modules/","isFullCredit":false},{"lineNumber":8,"author":{"gitId":"skyblaise"},"content":"dist/","isFullCredit":false},{"lineNumber":9,"author":{"gitId":"skyblaise"},"content":"","isFullCredit":false},{"lineNumber":10,"author":{"gitId":"skyblaise"},"content":"# Compiled Java class files","isFullCredit":false},{"lineNumber":11,"author":{"gitId":"skyblaise"},"content":"*.class","isFullCredit":false},{"lineNumber":12,"author":{"gitId":"skyblaise"},"content":"","isFullCredit":false},{"lineNumber":13,"author":{"gitId":"skyblaise"},"content":"# Compiled Python bytecode","isFullCredit":false},{"lineNumber":14,"author":{"gitId":"skyblaise"},"content":"*.py[cod]","isFullCredit":false},{"lineNumber":15,"author":{"gitId":"skyblaise"},"content":"","isFullCredit":false},{"lineNumber":16,"author":{"gitId":"skyblaise"},"content":"# Log files","isFullCredit":false},{"lineNumber":17,"author":{"gitId":"skyblaise"},"content":"*.log","isFullCredit":false},{"lineNumber":18,"author":{"gitId":"skyblaise"},"content":"","isFullCredit":false},{"lineNumber":19,"author":{"gitId":"skyblaise"},"content":"# Package files","isFullCredit":false},{"lineNumber":20,"author":{"gitId":"skyblaise"},"content":"*.jar","isFullCredit":false},{"lineNumber":21,"author":{"gitId":"skyblaise"},"content":"","isFullCredit":false},{"lineNumber":22,"author":{"gitId":"skyblaise"},"content":"# Maven","isFullCredit":false},{"lineNumber":23,"author":{"gitId":"skyblaise"},"content":"target/","isFullCredit":false},{"lineNumber":24,"author":{"gitId":"skyblaise"},"content":"dist/","isFullCredit":false},{"lineNumber":25,"author":{"gitId":"skyblaise"},"content":"","isFullCredit":false},{"lineNumber":26,"author":{"gitId":"skyblaise"},"content":"# JetBrains IDE","isFullCredit":false},{"lineNumber":27,"author":{"gitId":"skyblaise"},"content":".idea/","isFullCredit":false},{"lineNumber":28,"author":{"gitId":"skyblaise"},"content":"","isFullCredit":false},{"lineNumber":29,"author":{"gitId":"skyblaise"},"content":"# Unit test reports","isFullCredit":false},{"lineNumber":30,"author":{"gitId":"skyblaise"},"content":"TEST*.xml","isFullCredit":false},{"lineNumber":31,"author":{"gitId":"skyblaise"},"content":"","isFullCredit":false},{"lineNumber":32,"author":{"gitId":"skyblaise"},"content":"# Generated by MacOS","isFullCredit":false},{"lineNumber":33,"author":{"gitId":"skyblaise"},"content":".DS_Store","isFullCredit":false},{"lineNumber":34,"author":{"gitId":"skyblaise"},"content":"","isFullCredit":false},{"lineNumber":35,"author":{"gitId":"skyblaise"},"content":"# Generated by Windows","isFullCredit":false},{"lineNumber":36,"author":{"gitId":"skyblaise"},"content":"Thumbs.db","isFullCredit":false},{"lineNumber":37,"author":{"gitId":"skyblaise"},"content":"","isFullCredit":false},{"lineNumber":38,"author":{"gitId":"skyblaise"},"content":"# Applications","isFullCredit":false},{"lineNumber":39,"author":{"gitId":"skyblaise"},"content":"*.app","isFullCredit":false},{"lineNumber":40,"author":{"gitId":"skyblaise"},"content":"*.exe","isFullCredit":false},{"lineNumber":41,"author":{"gitId":"skyblaise"},"content":"*.war","isFullCredit":false},{"lineNumber":42,"author":{"gitId":"skyblaise"},"content":"","isFullCredit":false},{"lineNumber":43,"author":{"gitId":"skyblaise"},"content":"# Large media files","isFullCredit":false},{"lineNumber":44,"author":{"gitId":"skyblaise"},"content":"*.mp4","isFullCredit":false},{"lineNumber":45,"author":{"gitId":"skyblaise"},"content":"*.tiff","isFullCredit":false},{"lineNumber":46,"author":{"gitId":"skyblaise"},"content":"*.avi","isFullCredit":false},{"lineNumber":47,"author":{"gitId":"skyblaise"},"content":"*.flv","isFullCredit":false},{"lineNumber":48,"author":{"gitId":"skyblaise"},"content":"*.mov","isFullCredit":false},{"lineNumber":49,"author":{"gitId":"skyblaise"},"content":"*.wmv","isFullCredit":false},{"lineNumber":50,"author":{"gitId":"skyblaise"},"content":"","isFullCredit":false}],"authorContributionMap":{"skyblaise":50}},{"path":"README.md","fileType":"md","lines":[{"lineNumber":1,"author":{"gitId":"skyblaise"},"content":"# testrepo-bitbucket","isFullCredit":false},{"lineNumber":2,"author":{"gitId":"skyblaise"},"content":"","isFullCredit":false},{"lineNumber":3,"author":{"gitId":"skyblaise"},"content":"---","isFullCredit":false},{"lineNumber":4,"author":{"gitId":"skyblaise"},"content":"","isFullCredit":false},{"lineNumber":5,"author":{"gitId":"skyblaise"},"content":"This repository is created to test [RepoSence](https://github.com/reposense/RepoSense).","isFullCredit":false}],"authorContributionMap":{"skyblaise":5}},{"path":"src/main/java/Main.java","fileType":"java","lines":[{"lineNumber":1,"author":{"gitId":"skyblaise"},"content":"public class Main {","isFullCredit":false},{"lineNumber":2,"author":{"gitId":"skyblaise"},"content":"    public static void main(String[] args) {","isFullCredit":false},{"lineNumber":3,"author":{"gitId":"skyblaise"},"content":"        System.out.println(\"Hello world!\");","isFullCredit":false},{"lineNumber":4,"author":{"gitId":"skyblaise"},"content":"    }","isFullCredit":false},{"lineNumber":5,"author":{"gitId":"skyblaise"},"content":"}","isFullCredit":false}],"authorContributionMap":{"skyblaise":5}},{"path":"src/main/main.iml","fileType":"iml","lines":[{"lineNumber":1,"author":{"gitId":"skyblaise"},"content":"\u003c?xml version\u003d\"1.0\" encoding\u003d\"UTF-8\"?\u003e","isFullCredit":false},{"lineNumber":2,"author":{"gitId":"skyblaise"},"content":"\u003cmodule type\u003d\"JAVA_MODULE\" version\u003d\"4\"\u003e","isFullCredit":false},{"lineNumber":3,"author":{"gitId":"skyblaise"},"content":"  \u003ccomponent name\u003d\"NewModuleRootManager\" inherit-compiler-output\u003d\"true\"\u003e","isFullCredit":false},{"lineNumber":4,"author":{"gitId":"skyblaise"},"content":"    \u003cexclude-output /\u003e","isFullCredit":false},{"lineNumber":5,"author":{"gitId":"skyblaise"},"content":"    \u003ccontent url\u003d\"file://$MODULE_DIR$\"\u003e","isFullCredit":false},{"lineNumber":6,"author":{"gitId":"skyblaise"},"content":"      \u003csourceFolder url\u003d\"file://$MODULE_DIR$/java\" isTestSource\u003d\"false\" /\u003e","isFullCredit":false},{"lineNumber":7,"author":{"gitId":"skyblaise"},"content":"    \u003c/content\u003e","isFullCredit":false},{"lineNumber":8,"author":{"gitId":"skyblaise"},"content":"    \u003corderEntry type\u003d\"inheritedJdk\" /\u003e","isFullCredit":false},{"lineNumber":9,"author":{"gitId":"skyblaise"},"content":"    \u003corderEntry type\u003d\"sourceFolder\" forTests\u003d\"false\" /\u003e","isFullCredit":false},{"lineNumber":10,"author":{"gitId":"skyblaise"},"content":"  \u003c/component\u003e","isFullCredit":false},{"lineNumber":11,"author":{"gitId":"skyblaise"},"content":"\u003c/module\u003e","isFullCredit":false}],"authorContributionMap":{"skyblaise":11}}]
