{"authorDailyContributionsMap":{"skyblaise":[{"date":"2022-06-30","commitResults":[{"hash":"d1522235bc70d775d0e57f6bb74aab3d2c8f72bc","isMergeCommit":false,"messageTitle":"Initial commit","messageBody":"","fileTypesAndContributionMap":{"gitignore":{"insertions":50,"deletions":0},"md":{"insertions":45,"deletions":0}}},{"hash":"745456c85c2e62dc2c102853597b2016fe0483db","isMergeCommit":false,"messageTitle":"README.md edited online with Bitbucket","messageBody":"","fileTypesAndContributionMap":{"md":{"insertions":2,"deletions":42}}},{"hash":"3d3ae5f9076753947f7e91d4f4ff94d0aeb99486","isMergeCommit":false,"messageTitle":"README.md edited online with Bitbucket","messageBody":"","fileTypesAndContributionMap":{"md":{"insertions":1,"deletions":1}}}]},{"date":"2022-07-12","commitResults":[{"hash":"428d7bacb390a6ca554e2322cbbe99e3dcd07ff4","isMergeCommit":false,"messageTitle":"Add main class","messageBody":"","fileTypesAndContributionMap":{"java":{"insertions":5,"deletions":0}}},{"hash":"a21dcfd3ee6f26d7fb092b63f9b273ec35c41004","isMergeCommit":false,"messageTitle":"Add config file","messageBody":"","fileTypesAndContributionMap":{"iml":{"insertions":11,"deletions":0}}}]}]},"authorFileTypeContributionMap":{"skyblaise":{"gitignore":50,"md":5,"java":5,"iml":11}},"authorContributionVariance":{"skyblaise":1403.1476},"authorDisplayNameMap":{"skyblaise":"Zhang Shi Chen"}}
